gravityX,gravityY,gravityZ,accelX,accelY,accelZ,rotRateX,rotRatY,rotRateZ,attPitch,attRoll,attYaw
-0.933373392,-0.306651235,-0.186491385,0.00927043,0.136775106,0.047956944,0.665849805,0.172176838,0.022258541,0.311672775,-1.373589588,0.265383411
-0.933373392,-0.306651235,-0.186491385,0.00927043,0.136775106,0.047956944,0.665849805,0.172176838,0.022258541,0.311672775,-1.373589588,0.265383411
-0.933373392,-0.306651235,-0.186491385,0.00927043,0.136775106,0.047956944,0.665849805,0.172176838,0.022258541,0.311672775,-1.373589588,0.265383411
-0.933373392,-0.306651235,-0.186491385,0.00927043,0.136775106,0.047956944,0.665849805,0.172176838,0.022258541,0.311672775,-1.373589588,0.265383411
-0.932875752,-0.309538573,-0.184197307,0.02163589,0.081083924,0.060921669,0.79972595,0.053957019,-0.018460287,0.314707742,-1.37585286,0.280679038
-0.932875752,-0.309538573,-0.184197307,0.02163589,0.081083924,0.060921669,0.79972595,0.053957019,-0.018460287,0.314707742,-1.37585286,0.280679038
-0.932875752,-0.309538573,-0.184197307,0.02163589,0.081083924,0.060921669,0.79972595,0.053957019,-0.018460287,0.314707742,-1.37585286,0.280679038
-0.932875752,-0.309538573,-0.184197307,0.02163589,0.081083924,0.060921669,0.79972595,0.053957019,-0.018460287,0.314707742,-1.37585286,0.280679038
-0.932875752,-0.309538573,-0.184197307,0.02163589,0.081083924,0.060921669,0.79972595,0.053957019,-0.018460287,0.314707742,-1.37585286,0.280679038
-0.932875752,-0.309538573,-0.184197307,0.02163589,0.081083924,0.060921669,0.79972595,0.053957019,-0.018460287,0.314707742,-1.37585286,0.280679038
-0.932875752,-0.309538573,-0.184197307,0.02163589,0.081083924,0.060921669,0.79972595,0.053957019,-0.018460287,0.314707742,-1.37585286,0.280679038
-0.932875752,-0.309538573,-0.184197307,0.02163589,0.081083924,0.060921669,0.79972595,0.053957019,-0.018460287,0.314707742,-1.37585286,0.280679038
-0.932875752,-0.309538573,-0.184197307,0.02163589,0.081083924,0.060921669,0.79972595,0.053957019,-0.018460287,0.314707742,-1.37585286,0.280679038
-0.932721972,-0.313002825,-0.179048926,0.020093918,-0.004013717,0.063310802,0.924550533,-0.031191766,-0.040153544,0.318353094,-1.38113961,0.298369212
-0.932721972,-0.313002825,-0.179048926,0.020093918,-0.004013717,0.063310802,0.924550533,-0.031191766,-0.040153544,0.318353094,-1.38113961,0.298369212
-0.932721972,-0.313002825,-0.179048926,0.020093918,-0.004013717,0.063310802,0.924550533,-0.031191766,-0.040153544,0.318353094,-1.38113961,0.298369212
-0.932721972,-0.313002825,-0.179048926,0.020093918,-0.004013717,0.063310802,0.924550533,-0.031191766,-0.040153544,0.318353094,-1.38113961,0.298369212
-0.932721972,-0.313002825,-0.179048926,0.020093918,-0.004013717,0.063310802,0.924550533,-0.031191766,-0.040153544,0.318353094,-1.38113961,0.298369212
-0.932721972,-0.313002825,-0.179048926,0.020093918,-0.004013717,0.063310802,0.924550533,-0.031191766,-0.040153544,0.318353094,-1.38113961,0.298369212
-0.932721972,-0.313002825,-0.179048926,0.020093918,-0.004013717,0.063310802,0.924550533,-0.031191766,-0.040153544,0.318353094,-1.38113961,0.298369212
-0.932721972,-0.313002825,-0.179048926,0.020093918,-0.004013717,0.063310802,0.924550533,-0.031191766,-0.040153544,0.318353094,-1.38113961,0.298369212
-0.932721972,-0.313002825,-0.179048926,0.020093918,-0.004013717,0.063310802,0.924550533,-0.031191766,-0.040153544,0.318353094,-1.38113961,0.298369212
-0.932721972,-0.313002825,-0.179048926,0.020093918,-0.004013717,0.063310802,0.924550533,-0.031191766,-0.040153544,0.318353094,-1.38113961,0.298369212
-0.932721972,-0.313002825,-0.179048926,0.020093918,-0.004013717,0.063310802,0.924550533,-0.031191766,-0.040153544,0.318353094,-1.38113961,0.298369212
-0.932721972,-0.313002825,-0.179048926,0.020093918,-0.004013717,0.063310802,0.924550533,-0.031191766,-0.040153544,0.318353094,-1.38113961,0.298369212
-0.932721972,-0.313002825,-0.179048926,0.020093918,-0.004013717,0.063310802,0.924550533,-0.031191766,-0.040153544,0.318353094,-1.38113961,0.298369212
-0.932721972,-0.313002825,-0.179048926,0.020093918,-0.004013717,0.063310802,0.924550533,-0.031191766,-0.040153544,0.318353094,-1.38113961,0.298369212
-0.932524025,-0.317821592,-0.171429664,0.000990331,0.039592862,0.02293092,1.10639894,-0.108185776,-0.104842156,0.323431054,-1.388992162,0.319080556
-0.932524025,-0.317821592,-0.171429664,0.000990331,0.039592862,0.02293092,1.10639894,-0.108185776,-0.104842156,0.323431054,-1.388992162,0.319080556
-0.932524025,-0.317821592,-0.171429664,0.000990331,0.039592862,0.02293092,1.10639894,-0.108185776,-0.104842156,0.323431054,-1.388992162,0.319080556
-0.932524025,-0.317821592,-0.171429664,0.000990331,0.039592862,0.02293092,1.10639894,-0.108185776,-0.104842156,0.323431054,-1.388992162,0.319080556
-0.932524025,-0.317821592,-0.171429664,0.000990331,0.039592862,0.02293092,1.10639894,-0.108185776,-0.104842156,0.323431054,-1.388992162,0.319080556
-0.932524025,-0.317821592,-0.171429664,0.000990331,0.039592862,0.02293092,1.10639894,-0.108185776,-0.104842156,0.323431054,-1.388992162,0.319080556
-0.932524025,-0.317821592,-0.171429664,0.000990331,0.039592862,0.02293092,1.10639894,-0.108185776,-0.104842156,0.323431054,-1.388992162,0.319080556
-0.932524025,-0.317821592,-0.171429664,0.000990331,0.039592862,0.02293092,1.10639894,-0.108185776,-0.104842156,0.323431054,-1.388992162,0.319080556
-0.932524025,-0.317821592,-0.171429664,0.000990331,0.039592862,0.02293092,1.10639894,-0.108185776,-0.104842156,0.323431054,-1.388992162,0.319080556
-0.931979954,-0.324111938,-0.162372157,-0.010707676,0.016693234,0.005053639,1.150116086,-0.055428382,-0.13666214,0.330072853,-1.398304858,0.34241445
-0.931979954,-0.324111938,-0.162372157,-0.010707676,0.016693234,0.005053639,1.150116086,-0.055428382,-0.13666214,0.330072853,-1.398304858,0.34241445
-0.931979954,-0.324111938,-0.162372157,-0.010707676,0.016693234,0.005053639,1.150116086,-0.055428382,-0.13666214,0.330072853,-1.398304858,0.34241445
-0.931979954,-0.324111938,-0.162372157,-0.010707676,0.016693234,0.005053639,1.150116086,-0.055428382,-0.13666214,0.330072853,-1.398304858,0.34241445
-0.931979954,-0.324111938,-0.162372157,-0.010707676,0.016693234,0.005053639,1.150116086,-0.055428382,-0.13666214,0.330072853,-1.398304858,0.34241445
-0.931979954,-0.324111938,-0.162372157,-0.010707676,0.016693234,0.005053639,1.150116086,-0.055428382,-0.13666214,0.330072853,-1.398304858,0.34241445
-0.931979954,-0.324111938,-0.162372157,-0.010707676,0.016693234,0.005053639,1.150116086,-0.055428382,-0.13666214,0.330072853,-1.398304858,0.34241445
-0.931979954,-0.324111938,-0.162372157,-0.010707676,0.016693234,0.005053639,1.150116086,-0.055428382,-0.13666214,0.330072853,-1.398304858,0.34241445
-0.931979954,-0.324111938,-0.162372157,-0.010707676,0.016693234,0.005053639,1.150116086,-0.055428382,-0.13666214,0.330072853,-1.398304858,0.34241445
-0.93129009,-0.329913467,-0.154453143,-0.012297809,-0.021282703,-0.001461565,1.099945903,-0.008209037,-0.111734629,0.336211894,-1.406443727,0.365461379
-0.93129009,-0.329913467,-0.154453143,-0.012297809,-0.021282703,-0.001461565,1.099945903,-0.008209037,-0.111734629,0.336211894,-1.406443727,0.365461379
-0.93129009,-0.329913467,-0.154453143,-0.012297809,-0.021282703,-0.001461565,1.099945903,-0.008209037,-0.111734629,0.336211894,-1.406443727,0.365461379
-0.93129009,-0.329913467,-0.154453143,-0.012297809,-0.021282703,-0.001461565,1.099945903,-0.008209037,-0.111734629,0.336211894,-1.406443727,0.365461379
-0.93129009,-0.329913467,-0.154453143,-0.012297809,-0.021282703,-0.001461565,1.099945903,-0.008209037,-0.111734629,0.336211894,-1.406443727,0.365461379
-0.93129009,-0.329913467,-0.154453143,-0.012297809,-0.021282703,-0.001461565,1.099945903,-0.008209037,-0.111734629,0.336211894,-1.406443727,0.365461379
-0.930038512,-0.339679629,-0.140164211,0.01069659,-0.044139951,-0.033160627,0.998982668,-0.047222361,-0.08967156,0.346576247,-1.42121407,0.407976585
-0.930038512,-0.339679629,-0.140164211,0.01069659,-0.044139951,-0.033160627,0.998982668,-0.047222361,-0.08967156,0.346576247,-1.42121407,0.407976585
-0.930038512,-0.339679629,-0.140164211,0.01069659,-0.044139951,-0.033160627,0.998982668,-0.047222361,-0.08967156,0.346576247,-1.42121407,0.407976585
-0.936136901,-0.320632964,-0.144366816,0.010584712,-0.055557221,-0.040875077,1.129801512,-0.163272679,-0.176832616,0.326397643,-1.417786228,0.425163665
-0.936136901,-0.320632964,-0.144366816,0.010584712,-0.055557221,-0.040875077,1.129801512,-0.163272679,-0.176832616,0.326397643,-1.417786228,0.425163665
-0.936136901,-0.320632964,-0.144366816,0.010584712,-0.055557221,-0.040875077,1.129801512,-0.163272679,-0.176832616,0.326397643,-1.417786228,0.425163665
-0.936136901,-0.320632964,-0.144366816,0.010584712,-0.055557221,-0.040875077,1.129801512,-0.163272679,-0.176832616,0.326397643,-1.417786228,0.425163665
-0.933289587,-0.332182825,-0.136472434,0.027955294,7.53E-05,-0.05928278,1.350535631,-0.198128119,-0.201535314,0.338616885,-1.425598077,0.449374592
-0.933289587,-0.332182825,-0.136472434,0.027955294,7.53E-05,-0.05928278,1.350535631,-0.198128119,-0.201535314,0.338616885,-1.425598077,0.449374592
-0.933289587,-0.332182825,-0.136472434,0.027955294,7.53E-05,-0.05928278,1.350535631,-0.198128119,-0.201535314,0.338616885,-1.425598077,0.449374592
-0.933289587,-0.332182825,-0.136472434,0.027955294,7.53E-05,-0.05928278,1.350535631,-0.198128119,-0.201535314,0.338616885,-1.425598077,0.449374592
-0.933289587,-0.332182825,-0.136472434,0.027955294,7.53E-05,-0.05928278,1.350535631,-0.198128119,-0.201535314,0.338616885,-1.425598077,0.449374592
-0.932748795,-0.338251889,-0.124759302,0.003397167,-0.051961094,-0.051647782,1.257959247,-0.109496497,-0.094538599,0.345058675,-1.437831062,0.477115835
-0.932748795,-0.338251889,-0.124759302,0.003397167,-0.051961094,-0.051647782,1.257959247,-0.109496497,-0.094538599,0.345058675,-1.437831062,0.477115835
-0.932748795,-0.338251889,-0.124759302,0.003397167,-0.051961094,-0.051647782,1.257959247,-0.109496497,-0.094538599,0.345058675,-1.437831062,0.477115835
-0.932535708,-0.341907501,-0.116086677,-0.001912475,-0.108898133,-0.048357546,0.874545693,-0.056682877,-0.017625919,0.348945991,-1.446948466,0.499589658
-0.932535708,-0.341907501,-0.116086677,-0.001912475,-0.108898133,-0.048357546,0.874545693,-0.056682877,-0.017625919,0.348945991,-1.446948466,0.499589658
-0.932535708,-0.341907501,-0.116086677,-0.001912475,-0.108898133,-0.048357546,0.874545693,-0.056682877,-0.017625919,0.348945991,-1.446948466,0.499589658
-0.932535708,-0.341907501,-0.116086677,-0.001912475,-0.108898133,-0.048357546,0.874545693,-0.056682877,-0.017625919,0.348945991,-1.446948466,0.499589658
-0.932535708,-0.341907501,-0.116086677,-0.001912475,-0.108898133,-0.048357546,0.874545693,-0.056682877,-0.017625919,0.348945991,-1.446948466,0.499589658
-0.932535708,-0.341907501,-0.116086677,-0.001912475,-0.108898133,-0.048357546,0.874545693,-0.056682877,-0.017625919,0.348945991,-1.446948466,0.499589658
-0.93268317,-0.343485594,-0.11008805,0.009846866,-0.103963196,-0.04665029,0.532575011,-0.096297182,-0.003679051,0.350625797,-1.453306233,0.514097829
-0.93268317,-0.343485594,-0.11008805,0.009846866,-0.103963196,-0.04665029,0.532575011,-0.096297182,-0.003679051,0.350625797,-1.453306233,0.514097829
-0.931489229,-0.343950421,-0.118429154,0.001222074,-0.076001942,-0.007715464,0.398595065,-0.118138477,0.005257932,0.351120786,-1.444335221,0.518502839
-0.931489229,-0.343950421,-0.118429154,0.001222074,-0.076001942,-0.007715464,0.398595065,-0.118138477,0.005257932,0.351120786,-1.444335221,0.518502839
-0.931489229,-0.343950421,-0.118429154,0.001222074,-0.076001942,-0.007715464,0.398595065,-0.118138477,0.005257932,0.351120786,-1.444335221,0.518502839
-0.931489229,-0.343950421,-0.118429154,0.001222074,-0.076001942,-0.007715464,0.398595065,-0.118138477,0.005257932,0.351120786,-1.444335221,0.518502839
-0.930190802,-0.345569432,-0.123799823,-0.014968932,-0.04288882,0.033787966,0.500905633,-0.075366043,-0.02412563,0.352845523,-1.438483115,0.524024854
-0.930190802,-0.345569432,-0.123799823,-0.014968932,-0.04288882,0.033787966,0.500905633,-0.075366043,-0.02412563,0.352845523,-1.438483115,0.524024854
-0.930190802,-0.345569432,-0.123799823,-0.014968932,-0.04288882,0.033787966,0.500905633,-0.075366043,-0.02412563,0.352845523,-1.438483115,0.524024854
-0.930190802,-0.345569432,-0.123799823,-0.014968932,-0.04288882,0.033787966,0.500905633,-0.075366043,-0.02412563,0.352845523,-1.438483115,0.524024854
-0.930190802,-0.345569432,-0.123799823,-0.014968932,-0.04288882,0.033787966,0.500905633,-0.075366043,-0.02412563,0.352845523,-1.438483115,0.524024854
-0.930190802,-0.345569432,-0.123799823,-0.014968932,-0.04288882,0.033787966,0.500905633,-0.075366043,-0.02412563,0.352845523,-1.438483115,0.524024854
-0.930219769,-0.347243547,-0.118797474,-0.02481246,-0.0536201,0.051704347,0.595539689,-0.040207569,-0.016719326,0.35463013,-1.443774863,0.535661633
-0.930219769,-0.347243547,-0.118797474,-0.02481246,-0.0536201,0.051704347,0.595539689,-0.040207569,-0.016719326,0.35463013,-1.443774863,0.535661633
-0.930219769,-0.347243547,-0.118797474,-0.02481246,-0.0536201,0.051704347,0.595539689,-0.040207569,-0.016719326,0.35463013,-1.443774863,0.535661633
-0.930219769,-0.347243547,-0.118797474,-0.02481246,-0.0536201,0.051704347,0.595539689,-0.040207569,-0.016719326,0.35463013,-1.443774863,0.535661633
-0.930219769,-0.347243547,-0.118797474,-0.02481246,-0.0536201,0.051704347,0.595539689,-0.040207569,-0.016719326,0.35463013,-1.443774863,0.535661633
-0.930034995,-0.349196434,-0.11444135,-0.022586346,-0.053483009,0.061966181,0.580694139,0.022567615,-0.04321618,0.356713408,-1.448361216,0.548244754
-0.930034995,-0.349196434,-0.11444135,-0.022586346,-0.053483009,0.061966181,0.580694139,0.022567615,-0.04321618,0.356713408,-1.448361216,0.548244754
-0.930034995,-0.349196434,-0.11444135,-0.022586346,-0.053483009,0.061966181,0.580694139,0.022567615,-0.04321618,0.356713408,-1.448361216,0.548244754
-0.930034995,-0.349196434,-0.11444135,-0.022586346,-0.053483009,0.061966181,0.580694139,0.022567615,-0.04321618,0.356713408,-1.448361216,0.548244754
-0.930034995,-0.349196434,-0.11444135,-0.022586346,-0.053483009,0.061966181,0.580694139,0.022567615,-0.04321618,0.356713408,-1.448361216,0.548244754
-0.930034995,-0.349196434,-0.11444135,-0.022586346,-0.053483009,0.061966181,0.580694139,0.022567615,-0.04321618,0.356713408,-1.448361216,0.548244754
-0.930034995,-0.349196434,-0.11444135,-0.022586346,-0.053483009,0.061966181,0.580694139,0.022567615,-0.04321618,0.356713408,-1.448361216,0.548244754
-0.929591894,-0.351277083,-0.11163877,-0.020908415,-0.069514513,0.044621944,0.367729962,0.043916542,-0.066278726,0.358934776,-1.451274355,0.558474292
-0.929591894,-0.351277083,-0.11163877,-0.020908415,-0.069514513,0.044621944,0.367729962,0.043916542,-0.066278726,0.358934776,-1.451274355,0.558474292
-0.929591894,-0.351277083,-0.11163877,-0.020908415,-0.069514513,0.044621944,0.367729962,0.043916542,-0.066278726,0.358934776,-1.451274355,0.558474292
-0.929591894,-0.351277083,-0.11163877,-0.020908415,-0.069514513,0.044621944,0.367729962,0.043916542,-0.066278726,0.358934776,-1.451274355,0.558474292
-0.929591894,-0.351277083,-0.11163877,-0.020908415,-0.069514513,0.044621944,0.367729962,0.043916542,-0.066278726,0.358934776,-1.451274355,0.558474292
-0.929591894,-0.351277083,-0.11163877,-0.020908415,-0.069514513,0.044621944,0.367729962,0.043916542,-0.066278726,0.358934776,-1.451274355,0.558474292
-0.927602828,-0.358070642,-0.106480971,-0.0203951,-0.110862464,-0.013666987,0.085069776,0.003555889,-0.110526145,0.366200688,-1.456505026,0.564451505
-0.927602828,-0.358070642,-0.106480971,-0.0203951,-0.110862464,-0.013666987,0.085069776,0.003555889,-0.110526145,0.366200688,-1.456505026,0.564451505
-0.927602828,-0.358070642,-0.106480971,-0.0203951,-0.110862464,-0.013666987,0.085069776,0.003555889,-0.110526145,0.366200688,-1.456505026,0.564451505
-0.142172992,-0.977376103,-0.156596586,-0.224190325,-0.037133932,0.2834571,0.015642885,-0.512185276,-5.964452267,1.357677876,-0.737158995,-0.107620349
-0.142172992,-0.977376103,-0.156596586,-0.224190325,-0.037133932,0.2834571,0.015642885,-0.512185276,-5.964452267,1.357677876,-0.737158995,-0.107620349
-0.142172992,-0.977376103,-0.156596586,-0.224190325,-0.037133932,0.2834571,0.015642885,-0.512185276,-5.964452267,1.357677876,-0.737158995,-0.107620349
0.083392099,-0.984853923,-0.152013958,-0.207964927,-0.043190598,0.318944037,-0.003719188,-1.046543002,-5.645857811,1.396529553,0.50175378,-1.392646138
0.083392099,-0.984853923,-0.152013958,-0.207964927,-0.043190598,0.318944037,-0.003719188,-1.046543002,-5.645857811,1.396529553,0.50175378,-1.392646138
0.083392099,-0.984853923,-0.152013958,-0.207964927,-0.043190598,0.318944037,-0.003719188,-1.046543002,-5.645857811,1.396529553,0.50175378,-1.392646138
0.083392099,-0.984853923,-0.152013958,-0.207964927,-0.043190598,0.318944037,-0.003719188,-1.046543002,-5.645857811,1.396529553,0.50175378,-1.392646138
0.083392099,-0.984853923,-0.152013958,-0.207964927,-0.043190598,0.318944037,-0.003719188,-1.046543002,-5.645857811,1.396529553,0.50175378,-1.392646138
0.083392099,-0.984853923,-0.152013958,-0.207964927,-0.043190598,0.318944037,-0.003719188,-1.046543002,-5.645857811,1.396529553,0.50175378,-1.392646138
0.187830716,-0.969011068,-0.160427883,-0.239924371,-0.099637389,0.326625764,-0.497621745,-1.663274646,-5.49622488,1.321195258,0.863921685,-1.790588408
0.187830716,-0.969011068,-0.160427883,-0.239924371,-0.099637389,0.326625764,-0.497621745,-1.663274646,-5.49622488,1.321195258,0.863921685,-1.790588408
0.187830716,-0.969011068,-0.160427883,-0.239924371,-0.099637389,0.326625764,-0.497621745,-1.663274646,-5.49622488,1.321195258,0.863921685,-1.790588408
0.187830716,-0.969011068,-0.160427883,-0.239924371,-0.099637389,0.326625764,-0.497621745,-1.663274646,-5.49622488,1.321195258,0.863921685,-1.790588408
0.187830716,-0.969011068,-0.160427883,-0.239924371,-0.099637389,0.326625764,-0.497621745,-1.663274646,-5.49622488,1.321195258,0.863921685,-1.790588408
0.187830716,-0.969011068,-0.160427883,-0.239924371,-0.099637389,0.326625764,-0.497621745,-1.663274646,-5.49622488,1.321195258,0.863921685,-1.790588408
0.187830716,-0.969011068,-0.160427883,-0.239924371,-0.099637389,0.326625764,-0.497621745,-1.663274646,-5.49622488,1.321195258,0.863921685,-1.790588408
0.286474138,-0.941515625,-0.177428663,-0.363470286,0.002322912,0.356657386,-0.263146877,-1.891090274,-5.464024067,1.227100204,1.016267972,-1.987615048
0.286474138,-0.941515625,-0.177428663,-0.363470286,0.002322912,0.356657386,-0.263146877,-1.891090274,-5.464024067,1.227100204,1.016267972,-1.987615048
0.286474138,-0.941515625,-0.177428663,-0.363470286,0.002322912,0.356657386,-0.263146877,-1.891090274,-5.464024067,1.227100204,1.016267972,-1.987615048
0.286474138,-0.941515625,-0.177428663,-0.363470286,0.002322912,0.356657386,-0.263146877,-1.891090274,-5.464024067,1.227100204,1.016267972,-1.987615048
0.286474138,-0.941515625,-0.177428663,-0.363470286,0.002322912,0.356657386,-0.263146877,-1.891090274,-5.464024067,1.227100204,1.016267972,-1.987615048
0.286474138,-0.941515625,-0.177428663,-0.363470286,0.002322912,0.356657386,-0.263146877,-1.891090274,-5.464024067,1.227100204,1.016267972,-1.987615048
0.286474138,-0.941515625,-0.177428663,-0.363470286,0.002322912,0.356657386,-0.263146877,-1.891090274,-5.464024067,1.227100204,1.016267972,-1.987615048
0.379275143,-0.906151354,-0.187189251,-0.440692246,0.158090472,0.356560647,0.607353151,-1.764561057,-5.280899048,1.134094077,1.112326254,-2.131191231
0.379275143,-0.906151354,-0.187189251,-0.440692246,0.158090472,0.356560647,0.607353151,-1.764561057,-5.280899048,1.134094077,1.112326254,-2.131191231
0.379275143,-0.906151354,-0.187189251,-0.440692246,0.158090472,0.356560647,0.607353151,-1.764561057,-5.280899048,1.134094077,1.112326254,-2.131191231
0.379275143,-0.906151354,-0.187189251,-0.440692246,0.158090472,0.356560647,0.607353151,-1.764561057,-5.280899048,1.134094077,1.112326254,-2.131191231
0.379275143,-0.906151354,-0.187189251,-0.440692246,0.158090472,0.356560647,0.607353151,-1.764561057,-5.280899048,1.134094077,1.112326254,-2.131191231
0.379275143,-0.906151354,-0.187189251,-0.440692246,0.158090472,0.356560647,0.607353151,-1.764561057,-5.280899048,1.134094077,1.112326254,-2.131191231
0.463095188,-0.867103815,-0.183503807,-0.36247927,0.169641018,0.354721546,1.375640988,-1.926137209,-4.876416683,1.049358379,1.193522511,-2.263369595
0.463095188,-0.867103815,-0.183503807,-0.36247927,0.169641018,0.354721546,1.375640988,-1.926137209,-4.876416683,1.049358379,1.193522511,-2.263369595
0.463095188,-0.867103815,-0.183503807,-0.36247927,0.169641018,0.354721546,1.375640988,-1.926137209,-4.876416683,1.049358379,1.193522511,-2.263369595
0.463095188,-0.867103815,-0.183503807,-0.36247927,0.169641018,0.354721546,1.375640988,-1.926137209,-4.876416683,1.049358379,1.193522511,-2.263369595
0.463095188,-0.867103815,-0.183503807,-0.36247927,0.169641018,0.354721546,1.375640988,-1.926137209,-4.876416683,1.049358379,1.193522511,-2.263369595
0.463095188,-0.867103815,-0.183503807,-0.36247927,0.169641018,0.354721546,1.375640988,-1.926137209,-4.876416683,1.049358379,1.193522511,-2.263369595
0.463095188,-0.867103815,-0.183503807,-0.36247927,0.169641018,0.354721546,1.375640988,-1.926137209,-4.876416683,1.049358379,1.193522511,-2.263369595
0.532979071,-0.826004565,-0.18343854,-0.276571095,0.117662132,0.244838715,1.168806434,-2.510849953,-4.38690567,0.971982064,1.23931942,-2.369450393
0.532979071,-0.826004565,-0.18343854,-0.276571095,0.117662132,0.244838715,1.168806434,-2.510849953,-4.38690567,0.971982064,1.23931942,-2.369450393
0.532979071,-0.826004565,-0.18343854,-0.276571095,0.117662132,0.244838715,1.168806434,-2.510849953,-4.38690567,0.971982064,1.23931942,-2.369450393
0.532979071,-0.826004565,-0.18343854,-0.276571095,0.117662132,0.244838715,1.168806434,-2.510849953,-4.38690567,0.971982064,1.23931942,-2.369450393
0.532979071,-0.826004565,-0.18343854,-0.276571095,0.117662132,0.244838715,1.168806434,-2.510849953,-4.38690567,0.971982064,1.23931942,-2.369450393
0.532979071,-0.826004565,-0.18343854,-0.276571095,0.117662132,0.244838715,1.168806434,-2.510849953,-4.38690567,0.971982064,1.23931942,-2.369450393
0.532979071,-0.826004565,-0.18343854,-0.276571095,0.117662132,0.244838715,1.168806434,-2.510849953,-4.38690567,0.971982064,1.23931942,-2.369450393
0.532979071,-0.826004565,-0.18343854,-0.276571095,0.117662132,0.244838715,1.168806434,-2.510849953,-4.38690567,0.971982064,1.23931942,-2.369450393
0.532979071,-0.826004565,-0.18343854,-0.276571095,0.117662132,0.244838715,1.168806434,-2.510849953,-4.38690567,0.971982064,1.23931942,-2.369450393
0.590858936,-0.782092988,-0.198030606,-0.308663666,-0.079966486,0.325272501,0.986426711,-3.096870422,-4.147926331,0.898017443,1.247405233,-2.450099362
0.590858936,-0.782092988,-0.198030606,-0.308663666,-0.079966486,0.325272501,0.986426711,-3.096870422,-4.147926331,0.898017443,1.247405233,-2.450099362
0.590858936,-0.782092988,-0.198030606,-0.308663666,-0.079966486,0.325272501,0.986426711,-3.096870422,-4.147926331,0.898017443,1.247405233,-2.450099362
0.590858936,-0.782092988,-0.198030606,-0.308663666,-0.079966486,0.325272501,0.986426711,-3.096870422,-4.147926331,0.898017443,1.247405233,-2.450099362
0.590858936,-0.782092988,-0.198030606,-0.308663666,-0.079966486,0.325272501,0.986426711,-3.096870422,-4.147926331,0.898017443,1.247405233,-2.450099362
0.590858936,-0.782092988,-0.198030606,-0.308663666,-0.079966486,0.325272501,0.986426711,-3.096870422,-4.147926331,0.898017443,1.247405233,-2.450099362
0.637145281,-0.737780213,-0.222993612,-0.462646604,0.029163063,0.253876328,0.985857368,-3.098103285,-3.701959848,0.829776023,1.234131618,-2.515750699
0.637145281,-0.737780213,-0.222993612,-0.462646604,0.029163063,0.253876328,0.985857368,-3.098103285,-3.701959848,0.829776023,1.234131618,-2.515750699
0.637145281,-0.737780213,-0.222993612,-0.462646604,0.029163063,0.253876328,0.985857368,-3.098103285,-3.701959848,0.829776023,1.234131618,-2.515750699
0.673419833,-0.697742879,-0.244254827,-0.497288525,0.227254331,0.223928988,1.47059834,-2.869999886,-3.283077002,0.772241769,1.22284542,-2.583235372
0.673419833,-0.697742879,-0.244254827,-0.497288525,0.227254331,0.223928988,1.47059834,-2.869999886,-3.283077002,0.772241769,1.22284542,-2.583235372
0.673419833,-0.697742879,-0.244254827,-0.497288525,0.227254331,0.223928988,1.47059834,-2.869999886,-3.283077002,0.772241769,1.22284542,-2.583235372
0.700246632,-0.663268805,-0.264062375,-0.409811795,0.21478337,0.182258904,1.373373866,-2.949610949,-2.818480968,0.725178183,1.210186623,-2.64918529
0.700246632,-0.663268805,-0.264062375,-0.409811795,0.21478337,0.182258904,1.373373866,-2.949610949,-2.818480968,0.725178183,1.210186623,-2.64918529
0.700246632,-0.663268805,-0.264062375,-0.409811795,0.21478337,0.182258904,1.373373866,-2.949610949,-2.818480968,0.725178183,1.210186623,-2.64918529
0.700246632,-0.663268805,-0.264062375,-0.409811795,0.21478337,0.182258904,1.373373866,-2.949610949,-2.818480968,0.725178183,1.210186623,-2.64918529
0.700246632,-0.663268805,-0.264062375,-0.409811795,0.21478337,0.182258904,1.373373866,-2.949610949,-2.818480968,0.725178183,1.210186623,-2.64918529
0.700246632,-0.663268805,-0.264062375,-0.409811795,0.21478337,0.182258904,1.373373866,-2.949610949,-2.818480968,0.725178183,1.210186623,-2.64918529
0.700246632,-0.663268805,-0.264062375,-0.409811795,0.21478337,0.182258904,1.373373866,-2.949610949,-2.818480968,0.725178183,1.210186623,-2.64918529
0.716105878,-0.632884145,-0.294363797,-0.405010521,-0.04138577,0.194066882,0.528506935,-3.151263714,-2.236068487,0.68527267,1.1807904,-2.698469376
0.716105878,-0.632884145,-0.294363797,-0.405010521,-0.04138577,0.194066882,0.528506935,-3.151263714,-2.236068487,0.68527267,1.1807904,-2.698469376
0.716105878,-0.632884145,-0.294363797,-0.405010521,-0.04138577,0.194066882,0.528506935,-3.151263714,-2.236068487,0.68527267,1.1807904,-2.698469376
0.716105878,-0.632884145,-0.294363797,-0.405010521,-0.04138577,0.194066882,0.528506935,-3.151263714,-2.236068487,0.68527267,1.1807904,-2.698469376
0.72085613,-0.605665684,-0.336949944,-0.489839077,-0.016449571,0.07864809,-0.065085448,-2.983263731,-1.70611763,0.650602179,1.133542333,-2.721713295
0.72085613,-0.605665684,-0.336949944,-0.489839077,-0.016449571,0.07864809,-0.065085448,-2.983263731,-1.70611763,0.650602179,1.133542333,-2.721713295
0.72085613,-0.605665684,-0.336949944,-0.489839077,-0.016449571,0.07864809,-0.065085448,-2.983263731,-1.70611763,0.650602179,1.133542333,-2.721713295
0.72085613,-0.605665684,-0.336949944,-0.489839077,-0.016449571,0.07864809,-0.065085448,-2.983263731,-1.70611763,0.650602179,1.133542333,-2.721713295
0.72085613,-0.605665684,-0.336949944,-0.489839077,-0.016449571,0.07864809,-0.065085448,-2.983263731,-1.70611763,0.650602179,1.133542333,-2.721713295
0.719061852,-0.58391422,-0.37682122,-0.490241885,0.218222737,0.055455089,0.232443184,-2.589883566,-1.408395886,0.623541938,1.088097794,-2.739783402
0.719061852,-0.58391422,-0.37682122,-0.490241885,0.218222737,0.055455089,0.232443184,-2.589883566,-1.408395886,0.623541938,1.088097794,-2.739783402
0.719061852,-0.58391422,-0.37682122,-0.490241885,0.218222737,0.055455089,0.232443184,-2.589883566,-1.408395886,0.623541938,1.088097794,-2.739783402
0.716077805,-0.568724334,-0.404703766,-0.461699307,0.306929946,0.169732928,0.787827373,-2.161882639,-1.279778481,0.604954135,1.056382965,-2.766705287
0.716077805,-0.568724334,-0.404703766,-0.461699307,0.306929946,0.169732928,0.787827373,-2.161882639,-1.279778481,0.604954135,1.056382965,-2.766705287
0.716077805,-0.568724334,-0.404703766,-0.461699307,0.306929946,0.169732928,0.787827373,-2.161882639,-1.279778481,0.604954135,1.056382965,-2.766705287
0.716077805,-0.568724334,-0.404703766,-0.461699307,0.306929946,0.169732928,0.787827373,-2.161882639,-1.279778481,0.604954135,1.056382965,-2.766705287
0.716077805,-0.568724334,-0.404703766,-0.461699307,0.306929946,0.169732928,0.787827373,-2.161882639,-1.279778481,0.604954135,1.056382965,-2.766705287
0.716077805,-0.568724334,-0.404703766,-0.461699307,0.306929946,0.169732928,0.787827373,-2.161882639,-1.279778481,0.604954135,1.056382965,-2.766705287
0.712562919,-0.558591783,-0.424534261,-0.399636388,0.214644015,0.140933692,0.808769763,-1.969812512,-1.125078678,0.592687025,1.033481895,-2.798875183
0.712562919,-0.558591783,-0.424534261,-0.399636388,0.214644015,0.140933692,0.808769763,-1.969812512,-1.125078678,0.592687025,1.033481895,-2.798875183
0.712562919,-0.558591783,-0.424534261,-0.399636388,0.214644015,0.140933692,0.808769763,-1.969812512,-1.125078678,0.592687025,1.033481895,-2.798875183
0.712562919,-0.558591783,-0.424534261,-0.399636388,0.214644015,0.140933692,0.808769763,-1.969812512,-1.125078678,0.592687025,1.033481895,-2.798875183
0.712562919,-0.558591783,-0.424534261,-0.399636388,0.214644015,0.140933692,0.808769763,-1.969812512,-1.125078678,0.592687025,1.033481895,-2.798875183
0.712562919,-0.558591783,-0.424534261,-0.399636388,0.214644015,0.140933692,0.808769763,-1.969812512,-1.125078678,0.592687025,1.033481895,-2.798875183
0.705358446,-0.541169703,-0.457825929,-0.327750027,0.009264171,0.055679858,0.33667472,-1.116901398,-0.656183898,0.571827485,0.995076228,-2.845533639
0.705358446,-0.541169703,-0.457825929,-0.327750027,0.009264171,0.055679858,0.33667472,-1.116901398,-0.656183898,0.571827485,0.995076228,-2.845533639
0.705358446,-0.541169703,-0.457825929,-0.327750027,0.009264171,0.055679858,0.33667472,-1.116901398,-0.656183898,0.571827485,0.995076228,-2.845533639
0.705358446,-0.541169703,-0.457825929,-0.327750027,0.009264171,0.055679858,0.33667472,-1.116901398,-0.656183898,0.571827485,0.995076228,-2.845533639
0.705358446,-0.541169703,-0.457825929,-0.327750027,0.009264171,0.055679858,0.33667472,-1.116901398,-0.656183898,0.571827485,0.995076228,-2.845533639
0.705358446,-0.541169703,-0.457825929,-0.327750027,0.009264171,0.055679858,0.33667472,-1.116901398,-0.656183898,0.571827485,0.995076228,-2.845533639
0.70144105,-0.538000345,-0.467478245,-0.1987257,0.206885099,-0.033681989,0.293838561,-0.742479205,-0.260989189,0.568063116,0.98294093,-2.857520937
0.70144105,-0.538000345,-0.467478245,-0.1987257,0.206885099,-0.033681989,0.293838561,-0.742479205,-0.260989189,0.568063116,0.98294093,-2.857520937
0.70144105,-0.538000345,-0.467478245,-0.1987257,0.206885099,-0.033681989,0.293838561,-0.742479205,-0.260989189,0.568063116,0.98294093,-2.857520937
0.70144105,-0.538000345,-0.467478245,-0.1987257,0.206885099,-0.033681989,0.293838561,-0.742479205,-0.260989189,0.568063116,0.98294093,-2.857520937
0.70144105,-0.538000345,-0.467478245,-0.1987257,0.206885099,-0.033681989,0.293838561,-0.742479205,-0.260989189,0.568063116,0.98294093,-2.857520937
0.70144105,-0.538000345,-0.467478245,-0.1987257,0.206885099,-0.033681989,0.293838561,-0.742479205,-0.260989189,0.568063116,0.98294093,-2.857520937
0.699835718,-0.5384534,-0.469358742,-0.204109073,0.263521135,-0.060625434,0.58161521,-0.332940906,-0.274634868,0.56860065,0.980027397,-2.870718517
0.699835718,-0.5384534,-0.469358742,-0.204109073,0.263521135,-0.060625434,0.58161521,-0.332940906,-0.274634868,0.56860065,0.980027397,-2.870718517
0.699835718,-0.5384534,-0.469358742,-0.204109073,0.263521135,-0.060625434,0.58161521,-0.332940906,-0.274634868,0.56860065,0.980027397,-2.870718517
0.699835718,-0.5384534,-0.469358742,-0.204109073,0.263521135,-0.060625434,0.58161521,-0.332940906,-0.274634868,0.56860065,0.980027397,-2.870718517
0.699835718,-0.5384534,-0.469358742,-0.204109073,0.263521135,-0.060625434,0.58161521,-0.332940906,-0.274634868,0.56860065,0.980027397,-2.870718517
0.699835718,-0.5384534,-0.469358742,-0.204109073,0.263521135,-0.060625434,0.58161521,-0.332940906,-0.274634868,0.56860065,0.980027397,-2.870718517
0.699835718,-0.5384534,-0.469358742,-0.204109073,0.263521135,-0.060625434,0.58161521,-0.332940906,-0.274634868,0.56860065,0.980027397,-2.870718517
0.699928105,-0.541453362,-0.465755939,-0.186516464,0.269405007,-0.153293848,0.840495348,-0.274439514,-0.287601262,0.572164864,0.983647608,-2.887523857
0.699928105,-0.541453362,-0.465755939,-0.186516464,0.269405007,-0.153293848,0.840495348,-0.274439514,-0.287601262,0.572164864,0.983647608,-2.887523857
0.700650036,-0.546423614,-0.458814204,-0.081632376,0.280143023,-0.11302489,1.07373476,-0.26526764,-0.233721092,0.578087961,0.991025651,-2.911300625
0.700650036,-0.546423614,-0.458814204,-0.081632376,0.280143023,-0.11302489,1.07373476,-0.26526764,-0.233721092,0.578087961,0.991025651,-2.911300625
0.700650036,-0.546423614,-0.458814204,-0.081632376,0.280143023,-0.11302489,1.07373476,-0.26526764,-0.233721092,0.578087961,0.991025651,-2.911300625
0.700650036,-0.546423614,-0.458814204,-0.081632376,0.280143023,-0.11302489,1.07373476,-0.26526764,-0.233721092,0.578087961,0.991025651,-2.911300625
0.700650036,-0.546423614,-0.458814204,-0.081632376,0.280143023,-0.11302489,1.07373476,-0.26526764,-0.233721092,0.578087961,0.991025651,-2.911300625
0.700650036,-0.546423614,-0.458814204,-0.081632376,0.280143023,-0.11302489,1.07373476,-0.26526764,-0.233721092,0.578087961,0.991025651,-2.911300625
0.699668884,-0.553545892,-0.451719403,-0.038735092,0.104358077,-0.09166193,0.876398981,-0.357444555,-0.087046646,0.586615921,0.997507189,-2.933395665
0.699668884,-0.553545892,-0.451719403,-0.038735092,0.104358077,-0.09166193,0.876398981,-0.357444555,-0.087046646,0.586615921,0.997507189,-2.933395665
0.699668884,-0.553545892,-0.451719403,-0.038735092,0.104358077,-0.09166193,0.876398981,-0.357444555,-0.087046646,0.586615921,0.997507189,-2.933395665
0.699668884,-0.553545892,-0.451719403,-0.038735092,0.104358077,-0.09166193,0.876398981,-0.357444555,-0.087046646,0.586615921,0.997507189,-2.933395665
0.699668884,-0.553545892,-0.451719403,-0.038735092,0.104358077,-0.09166193,0.876398981,-0.357444555,-0.087046646,0.586615921,0.997507189,-2.933395665
0.699668884,-0.553545892,-0.451719403,-0.038735092,0.104358077,-0.09166193,0.876398981,-0.357444555,-0.087046646,0.586615921,0.997507189,-2.933395665
0.696967483,-0.559327722,-0.44876343,-0.067146599,-0.070752859,-0.042509198,0.629652798,-0.354365498,-0.077816069,0.593574587,0.998735425,-2.949262335
0.696967483,-0.559327722,-0.44876343,-0.067146599,-0.070752859,-0.042509198,0.629652798,-0.354365498,-0.077816069,0.593574587,0.998735425,-2.949262335
0.696967483,-0.559327722,-0.44876343,-0.067146599,-0.070752859,-0.042509198,0.629652798,-0.354365498,-0.077816069,0.593574587,0.998735425,-2.949262335
0.695349514,-0.561910987,-0.448045671,-0.104713142,-0.140084267,0.048524082,0.204632863,-0.254534245,-0.083654523,0.596694186,0.998406092,-2.959747958
0.695349514,-0.561910987,-0.448045671,-0.104713142,-0.140084267,0.048524082,0.204632863,-0.254534245,-0.083654523,0.596694186,0.998406092,-2.959747958
0.694096625,-0.559258223,-0.453276902,-0.079000413,-0.15408957,0.053556979,-0.721903026,-0.154736564,-0.00851876,0.593490734,0.992282904,-2.956531941
0.689187765,-0.422254592,-0.588830352,0.097050905,-0.004838347,0.017342329,-1.431018353,0.126151025,0.324216843,0.435931099,0.863763144,-2.6121286
0.689187765,-0.422254592,-0.588830352,0.097050905,-0.004838347,0.017342329,-1.431018353,0.126151025,0.324216843,0.435931099,0.863763144,-2.6121286
0.689187765,-0.422254592,-0.588830352,0.097050905,-0.004838347,0.017342329,-1.431018353,0.126151025,0.324216843,0.435931099,0.863763144,-2.6121286
0.68777734,-0.410371631,-0.598796546,0.026180387,0.005632818,-0.012623787,-1.39987278,0.182814568,0.435153216,0.422861555,0.854449259,-2.583082594
0.68777734,-0.410371631,-0.598796546,0.026180387,0.005632818,-0.012623787,-1.39987278,0.182814568,0.435153216,0.422861555,0.854449259,-2.583082594
0.687602401,-0.401271999,-0.60513109,-0.033306658,-0.007769704,0.037244022,-1.15622592,0.377463251,0.441388428,0.412905127,0.84910787,-2.5554718
0.688917935,-0.393963158,-0.608428419,-0.003860533,-0.036761284,0.070143342,-0.93226701,0.305396229,0.31654945,0.404939504,0.847360433,-2.533176819
0.688917935,-0.393963158,-0.608428419,-0.003860533,-0.036761284,0.070143342,-0.93226701,0.305396229,0.31654945,0.404939504,0.847360433,-2.533176819
0.688917935,-0.393963158,-0.608428419,-0.003860533,-0.036761284,0.070143342,-0.93226701,0.305396229,0.31654945,0.404939504,0.847360433,-2.533176819
0.689828038,-0.358530194,-0.6289621,-0.061945081,-0.050557405,-0.018148422,-1.742482185,0.521581113,0.475995153,0.366692943,0.831518264,-2.429475055
0.689828038,-0.358530194,-0.6289621,-0.061945081,-0.050557405,-0.018148422,-1.742482185,0.521581113,0.475995153,0.366692943,0.831518264,-2.429475055
0.689828038,-0.358530194,-0.6289621,-0.061945081,-0.050557405,-0.018148422,-1.742482185,0.521581113,0.475995153,0.366692943,0.831518264,-2.429475055
0.693528354,-0.344138741,-0.632919371,-0.061006904,0.072868556,0.023772597,-1.42219913,0.630270302,0.383936673,0.351321329,0.831059118,-2.39776265
0.693528354,-0.344138741,-0.632919371,-0.061006904,0.072868556,0.023772597,-1.42219913,0.630270302,0.383936673,0.351321329,0.831059118,-2.39776265
0.693528354,-0.344138741,-0.632919371,-0.061006904,0.072868556,0.023772597,-1.42219913,0.630270302,0.383936673,0.351321329,0.831059118,-2.39776265
0.700459599,-0.334959567,-0.630205154,0.017648578,0.114333242,0.1090101,-0.809660375,0.749858141,0.352383167,0.34156231,0.838145697,-2.374945208
0.700459599,-0.334959567,-0.630205154,0.017648578,0.114333242,0.1090101,-0.809660375,0.749858141,0.352383167,0.34156231,0.838145697,-2.374945208
0.700459599,-0.334959567,-0.630205154,0.017648578,0.114333242,0.1090101,-0.809660375,0.749858141,0.352383167,0.34156231,0.838145697,-2.374945208
0.705299735,-0.332918465,-0.625873387,0.183615148,0.122286707,0.049059987,-0.186834827,0.260646284,0.202593476,0.339396901,0.844993954,-2.362488846
0.705299735,-0.332918465,-0.625873387,0.183615148,0.122286707,0.049059987,-0.186834827,0.260646284,0.202593476,0.339396901,0.844993954,-2.362488846
0.705299735,-0.332918465,-0.625873387,0.183615148,0.122286707,0.049059987,-0.186834827,0.260646284,0.202593476,0.339396901,0.844993954,-2.362488846
0.703719914,-0.335452408,-0.626298606,0.252410054,0.089832187,-0.044234276,0.399178445,-0.385496229,-0.058767818,0.342085427,0.843543265,-2.364147357
0.703719914,-0.335452408,-0.626298606,0.252410054,0.089832187,-0.044234276,0.399178445,-0.385496229,-0.058767818,0.342085427,0.843543265,-2.364147357
0.703719914,-0.335452408,-0.626298606,0.252410054,0.089832187,-0.044234276,0.399178445,-0.385496229,-0.058767818,0.342085427,0.843543265,-2.364147357
0.703719914,-0.335452408,-0.626298606,0.252410054,0.089832187,-0.044234276,0.399178445,-0.385496229,-0.058767818,0.342085427,0.843543265,-2.364147357
0.703719914,-0.335452408,-0.626298606,0.252410054,0.089832187,-0.044234276,0.399178445,-0.385496229,-0.058767818,0.342085427,0.843543265,-2.364147357
0.703719914,-0.335452408,-0.626298606,0.252410054,0.089832187,-0.044234276,0.399178445,-0.385496229,-0.058767818,0.342085427,0.843543265,-2.364147357
0.698536158,-0.339655101,-0.629826605,0.146448672,-0.012639225,-0.052562356,0.65863812,-0.542429924,-0.333913118,0.346550184,0.837077126,-2.374777996
0.698536158,-0.339655101,-0.629826605,0.146448672,-0.012639225,-0.052562356,0.65863812,-0.542429924,-0.333913118,0.346550184,0.837077126,-2.374777996
0.698536158,-0.339655101,-0.629826605,0.146448672,-0.012639225,-0.052562356,0.65863812,-0.542429924,-0.333913118,0.346550184,0.837077126,-2.374777996
0.69601059,-0.342501998,-0.631079674,0.067537904,0.017963469,0.004797161,0.976366401,-0.407144099,-0.669131279,0.349578678,0.834286456,-2.394389279
0.69601059,-0.342501998,-0.631079674,0.067537904,0.017963469,0.004797161,0.976366401,-0.407144099,-0.669131279,0.349578678,0.834286456,-2.394389279
0.69601059,-0.342501998,-0.631079674,0.067537904,0.017963469,0.004797161,0.976366401,-0.407144099,-0.669131279,0.349578678,0.834286456,-2.394389279
0.696113408,-0.348595142,-0.627620518,0.112524986,0.15540418,0.040034413,1.679072142,-0.419642836,-0.699632108,0.356071804,0.837094261,-2.425444916
0.696113408,-0.348595142,-0.627620518,0.112524986,0.15540418,0.040034413,1.679072142,-0.419642836,-0.699632108,0.356071804,0.837094261,-2.425444916
0.696113408,-0.348595142,-0.627620518,0.112524986,0.15540418,0.040034413,1.679072142,-0.419642836,-0.699632108,0.356071804,0.837094261,-2.425444916
0.696113408,-0.348595142,-0.627620518,0.112524986,0.15540418,0.040034413,1.679072142,-0.419642836,-0.699632108,0.356071804,0.837094261,-2.425444916
0.692202389,-0.366948396,-0.621453762,0.122279942,0.153692245,0.043205857,2.492446423,-0.844714165,-0.482175022,0.375726446,0.839202465,-2.467044088
0.692202389,-0.366948396,-0.621453762,0.122279942,0.153692245,0.043205857,2.492446423,-0.844714165,-0.482175022,0.375726446,0.839202465,-2.467044088
0.692202389,-0.366948396,-0.621453762,0.122279942,0.153692245,0.043205857,2.492446423,-0.844714165,-0.482175022,0.375726446,0.839202465,-2.467044088
0.692202389,-0.366948396,-0.621453762,0.122279942,0.153692245,0.043205857,2.492446423,-0.844714165,-0.482175022,0.375726446,0.839202465,-2.467044088
0.692202389,-0.366948396,-0.621453762,0.122279942,0.153692245,0.043205857,2.492446423,-0.844714165,-0.482175022,0.375726446,0.839202465,-2.467044088
0.692202389,-0.366948396,-0.621453762,0.122279942,0.153692245,0.043205857,2.492446423,-0.844714165,-0.482175022,0.375726446,0.839202465,-2.467044088
0.680825591,-0.458152473,-0.571465433,-0.157068968,0.018013597,0.128486633,3.299757481,-0.115753129,-0.280039996,0.475915585,0.872505243,-2.640393134
0.680825591,-0.458152473,-0.571465433,-0.157068968,0.018013597,0.128486633,3.299757481,-0.115753129,-0.280039996,0.475915585,0.872505243,-2.640393134
0.680825591,-0.458152473,-0.571465433,-0.157068968,0.018013597,0.128486633,3.299757481,-0.115753129,-0.280039996,0.475915585,0.872505243,-2.640393134
0.686456561,-0.500173867,-0.527828991,-0.042079687,-0.004463553,0.051021099,-1.333853126,0.639846861,0.566087127,0.523799529,0.915297071,-2.649213622
0.686456561,-0.500173867,-0.527828991,-0.042079687,-0.004463553,0.051021099,-1.333853126,0.639846861,0.566087127,0.523799529,0.915297071,-2.649213622
0.686456561,-0.500173867,-0.527828991,-0.042079687,-0.004463553,0.051021099,-1.333853126,0.639846861,0.566087127,0.523799529,0.915297071,-2.649213622
0.691686034,-0.484548599,-0.53552115,-0.003150463,-0.13781029,0.057751834,-1.824773073,0.944675565,0.597447515,0.505847065,0.911970131,-2.578602886
0.691686034,-0.484548599,-0.53552115,-0.003150463,-0.13781029,0.057751834,-1.824773073,0.944675565,0.597447515,0.505847065,0.911970131,-2.578602886
0.691686034,-0.484548599,-0.53552115,-0.003150463,-0.13781029,0.057751834,-1.824773073,0.944675565,0.597447515,0.505847065,0.911970131,-2.578602886
0.695138454,-0.470942587,-0.543135047,0.126194596,-0.080752969,0.05303669,-2.074380636,0.599610627,0.523866773,0.490358981,0.90754143,-2.535544908
0.695138454,-0.470942587,-0.543135047,0.126194596,-0.080752969,0.05303669,-2.074380636,0.599610627,0.523866773,0.490358981,0.90754143,-2.535544908
0.695138454,-0.470942587,-0.543135047,0.126194596,-0.080752969,0.05303669,-2.074380636,0.599610627,0.523866773,0.490358981,0.90754143,-2.535544908
0.695138454,-0.470942587,-0.543135047,0.126194596,-0.080752969,0.05303669,-2.074380636,0.599610627,0.523866773,0.490358981,0.90754143,-2.535544908
0.695138454,-0.470942587,-0.543135047,0.126194596,-0.080752969,0.05303669,-2.074380636,0.599610627,0.523866773,0.490358981,0.90754143,-2.535544908
0.69291985,-0.442082942,-0.569582939,-0.031880498,0.07355392,-0.041075051,-1.936557412,0.46302098,0.630959332,0.457919524,0.882781532,-2.44619456
0.69291985,-0.442082942,-0.569582939,-0.031880498,0.07355392,-0.041075051,-1.936557412,0.46302098,0.630959332,0.457919524,0.882781532,-2.44619456
0.69291985,-0.442082942,-0.569582939,-0.031880498,0.07355392,-0.041075051,-1.936557412,0.46302098,0.630959332,0.457919524,0.882781532,-2.44619456
0.69291985,-0.442082942,-0.569582939,-0.031880498,0.07355392,-0.041075051,-1.936557412,0.46302098,0.630959332,0.457919524,0.882781532,-2.44619456
0.69291985,-0.442082942,-0.569582939,-0.031880498,0.07355392,-0.041075051,-1.936557412,0.46302098,0.630959332,0.457919524,0.882781532,-2.44619456
0.69291985,-0.442082942,-0.569582939,-0.031880498,0.07355392,-0.041075051,-1.936557412,0.46302098,0.630959332,0.457919524,0.882781532,-2.44619456
0.695054173,-0.428856403,-0.577045798,-0.13949883,0.095834583,-0.026440501,-1.798653722,0.835218906,0.574818552,0.443226492,0.877899994,-2.405837431
0.695054173,-0.428856403,-0.577045798,-0.13949883,0.095834583,-0.026440501,-1.798653722,0.835218906,0.574818552,0.443226492,0.877899994,-2.405837431
0.695054173,-0.428856403,-0.577045798,-0.13949883,0.095834583,-0.026440501,-1.798653722,0.835218906,0.574818552,0.443226492,0.877899994,-2.405837431
0.695054173,-0.428856403,-0.577045798,-0.13949883,0.095834583,-0.026440501,-1.798653722,0.835218906,0.574818552,0.443226492,0.877899994,-2.405837431
0.695054173,-0.428856403,-0.577045798,-0.13949883,0.095834583,-0.026440501,-1.798653722,0.835218906,0.574818552,0.443226492,0.877899994,-2.405837431
0.695054173,-0.428856403,-0.577045798,-0.13949883,0.095834583,-0.026440501,-1.798653722,0.835218906,0.574818552,0.443226492,0.877899994,-2.405837431
0.70108062,-0.416655779,-0.578691483,-0.123766482,0.034943193,-0.005828381,-1.856067061,1.026880622,0.670230985,0.429763459,0.880741759,-2.366566174
0.70108062,-0.416655779,-0.578691483,-0.123766482,0.034943193,-0.005828381,-1.856067061,1.026880622,0.670230985,0.429763459,0.880741759,-2.366566174
0.70108062,-0.416655779,-0.578691483,-0.123766482,0.034943193,-0.005828381,-1.856067061,1.026880622,0.670230985,0.429763459,0.880741759,-2.366566174
0.70108062,-0.416655779,-0.578691483,-0.123766482,0.034943193,-0.005828381,-1.856067061,1.026880622,0.670230985,0.429763459,0.880741759,-2.366566174
0.706150472,-0.403291583,-0.581985593,-0.015921295,-0.035214245,-0.00128293,-2.126516342,0.781619608,0.677017033,0.415111089,0.881492402,-2.323563154
0.706150472,-0.403291583,-0.581985593,-0.015921295,-0.035214245,-0.00128293,-2.126516342,0.781619608,0.677017033,0.415111089,0.881492402,-2.323563154
0.706150472,-0.403291583,-0.581985593,-0.015921295,-0.035214245,-0.00128293,-2.126516342,0.781619608,0.677017033,0.415111089,0.881492402,-2.323563154
0.706150472,-0.403291583,-0.581985593,-0.015921295,-0.035214245,-0.00128293,-2.126516342,0.781619608,0.677017033,0.415111089,0.881492402,-2.323563154
0.706150472,-0.403291583,-0.581985593,-0.015921295,-0.035214245,-0.00128293,-2.126516342,0.781619608,0.677017033,0.415111089,0.881492402,-2.323563154
0.706150472,-0.403291583,-0.581985593,-0.015921295,-0.035214245,-0.00128293,-2.126516342,0.781619608,0.677017033,0.415111089,0.881492402,-2.323563154
0.706150472,-0.403291583,-0.581985593,-0.015921295,-0.035214245,-0.00128293,-2.126516342,0.781619608,0.677017033,0.415111089,0.881492402,-2.323563154
0.706150472,-0.403291583,-0.581985593,-0.015921295,-0.035214245,-0.00128293,-2.126516342,0.781619608,0.677017033,0.415111089,0.881492402,-2.323563154
0.708655834,-0.385952383,-0.590633094,-0.00237447,-0.119997352,0.029245675,-2.346574545,0.534609795,0.596165955,0.396239965,0.87598594,-2.27700762
0.708655834,-0.385952383,-0.590633094,-0.00237447,-0.119997352,0.029245675,-2.346574545,0.534609795,0.596165955,0.396239965,0.87598594,-2.27700762
0.708655834,-0.385952383,-0.590633094,-0.00237447,-0.119997352,0.029245675,-2.346574545,0.534609795,0.596165955,0.396239965,0.87598594,-2.27700762
0.708655834,-0.385952383,-0.590633094,-0.00237447,-0.119997352,0.029245675,-2.346574545,0.534609795,0.596165955,0.396239965,0.87598594,-2.27700762
0.708655834,-0.385952383,-0.590633094,-0.00237447,-0.119997352,0.029245675,-2.346574545,0.534609795,0.596165955,0.396239965,0.87598594,-2.27700762
0.708655834,-0.385952383,-0.590633094,-0.00237447,-0.119997352,0.029245675,-2.346574545,0.534609795,0.596165955,0.396239965,0.87598594,-2.27700762
0.710425913,-0.365621686,-0.601344883,-0.10280782,-0.101540267,0.056116581,-2.474572659,0.546125948,0.624375641,0.374300652,0.868362841,-2.228988116
0.710425913,-0.365621686,-0.601344883,-0.10280782,-0.101540267,0.056116581,-2.474572659,0.546125948,0.624375641,0.374300652,0.868362841,-2.228988116
0.710425913,-0.365621686,-0.601344883,-0.10280782,-0.101540267,0.056116581,-2.474572659,0.546125948,0.624375641,0.374300652,0.868362841,-2.228988116
0.710425913,-0.365621686,-0.601344883,-0.10280782,-0.101540267,0.056116581,-2.474572659,0.546125948,0.624375641,0.374300652,0.868362841,-2.228988116
0.710425913,-0.365621686,-0.601344883,-0.10280782,-0.101540267,0.056116581,-2.474572659,0.546125948,0.624375641,0.374300652,0.868362841,-2.228988116
0.710425913,-0.365621686,-0.601344883,-0.10280782,-0.101540267,0.056116581,-2.474572659,0.546125948,0.624375641,0.374300652,0.868362841,-2.228988116
0.712657094,-0.346213639,-0.610127807,-0.225308776,-0.0575023,0.106098294,-2.397255421,0.658880413,0.839146256,0.353532124,0.862753636,-2.179038501
0.712657094,-0.346213639,-0.610127807,-0.225308776,-0.0575023,0.106098294,-2.397255421,0.658880413,0.839146256,0.353532124,0.862753636,-2.179038501
0.712657094,-0.346213639,-0.610127807,-0.225308776,-0.0575023,0.106098294,-2.397255421,0.658880413,0.839146256,0.353532124,0.862753636,-2.179038501
0.712657094,-0.346213639,-0.610127807,-0.225308776,-0.0575023,0.106098294,-2.397255421,0.658880413,0.839146256,0.353532124,0.862753636,-2.179038501
0.712657094,-0.346213639,-0.610127807,-0.225308776,-0.0575023,0.106098294,-2.397255421,0.658880413,0.839146256,0.353532124,0.862753636,-2.179038501
0.712657094,-0.346213639,-0.610127807,-0.225308776,-0.0575023,0.106098294,-2.397255421,0.658880413,0.839146256,0.353532124,0.862753636,-2.179038501
0.715072393,-0.330339432,-0.616074145,-0.308290541,0.089495778,0.143477678,-2.388720512,0.776861072,1.045856237,0.33666318,0.8596322,-2.127471429
0.715072393,-0.330339432,-0.616074145,-0.308290541,0.089495778,0.143477678,-2.388720512,0.776861072,1.045856237,0.33666318,0.8596322,-2.127471429
0.715072393,-0.330339432,-0.616074145,-0.308290541,0.089495778,0.143477678,-2.388720512,0.776861072,1.045856237,0.33666318,0.8596322,-2.127471429
0.715072393,-0.330339432,-0.616074145,-0.308290541,0.089495778,0.143477678,-2.388720512,0.776861072,1.045856237,0.33666318,0.8596322,-2.127471429
0.715072393,-0.330339432,-0.616074145,-0.308290541,0.089495778,0.143477678,-2.388720512,0.776861072,1.045856237,0.33666318,0.8596322,-2.127471429
0.715072393,-0.330339432,-0.616074145,-0.308290541,0.089495778,0.143477678,-2.388720512,0.776861072,1.045856237,0.33666318,0.8596322,-2.127471429
0.717915356,-0.31778273,-0.619363904,-0.36713326,0.225895345,0.204979777,-2.342131138,0.906697512,1.298251271,0.323390074,0.858960686,-2.073511118
0.717915356,-0.31778273,-0.619363904,-0.36713326,0.225895345,0.204979777,-2.342131138,0.906697512,1.298251271,0.323390074,0.858960686,-2.073511118
0.717915356,-0.31778273,-0.619363904,-0.36713326,0.225895345,0.204979777,-2.342131138,0.906697512,1.298251271,0.323390074,0.858960686,-2.073511118
0.720358551,-0.309655428,-0.620642364,-0.411385715,0.187174201,0.28346765,-2.593172312,1.024432302,1.813795567,0.314830627,0.859621081,-2.013761474
0.720358551,-0.309655428,-0.620642364,-0.411385715,0.187174201,0.28346765,-2.593172312,1.024432302,1.813795567,0.314830627,0.859621081,-2.013761474
0.720358551,-0.309655428,-0.620642364,-0.411385715,0.187174201,0.28346765,-2.593172312,1.024432302,1.813795567,0.314830627,0.859621081,-2.013761474
0.719638765,-0.304125607,-0.624201596,-0.427587867,0.15581128,0.322259367,-3.245862007,0.8703022,2.400671005,0.309020438,0.856297377,-1.938471744
0.719638765,-0.304125607,-0.624201596,-0.427587867,0.15581128,0.322259367,-3.245862007,0.8703022,2.400671005,0.309020438,0.856297377,-1.938471744
0.719638765,-0.304125607,-0.624201596,-0.427587867,0.15581128,0.322259367,-3.245862007,0.8703022,2.400671005,0.309020438,0.856297377,-1.938471744
0.719638765,-0.304125607,-0.624201596,-0.427587867,0.15581128,0.322259367,-3.245862007,0.8703022,2.400671005,0.309020438,0.856297377,-1.938471744
0.710297048,-0.299483955,-0.637014389,-0.436083853,0.096817881,0.15021193,-3.48539114,0.131423876,2.966130495,0.304151737,0.839736389,-1.849127186
0.710297048,-0.299483955,-0.637014389,-0.436083853,0.096817881,0.15021193,-3.48539114,0.131423876,2.966130495,0.304151737,0.839736389,-1.849127186
0.710297048,-0.299483955,-0.637014389,-0.436083853,0.096817881,0.15021193,-3.48539114,0.131423876,2.966130495,0.304151737,0.839736389,-1.849127186
0.652617693,-0.29281047,-0.698821902,-0.302354455,0.160929859,0.44453311,-3.795194626,-1.361391425,3.838620424,0.297164813,0.75122257,-1.626725131
0.652617693,-0.29281047,-0.698821902,-0.302354455,0.160929859,0.44453311,-3.795194626,-1.361391425,3.838620424,0.297164813,0.75122257,-1.626725131
0.652617693,-0.29281047,-0.698821902,-0.302354455,0.160929859,0.44453311,-3.795194626,-1.361391425,3.838620424,0.297164813,0.75122257,-1.626725131
0.604155362,-0.294278264,-0.740538001,-0.279984474,0.223631173,0.561612487,-2.995940208,-2.094087839,4.170732975,0.298700247,0.684320941,-1.517158931
0.604155362,-0.294278264,-0.740538001,-0.279984474,0.223631173,0.561612487,-2.995940208,-2.094087839,4.170732975,0.298700247,0.684320941,-1.517158931
0.604155362,-0.294278264,-0.740538001,-0.279984474,0.223631173,0.561612487,-2.995940208,-2.094087839,4.170732975,0.298700247,0.684320941,-1.517158931
0.604155362,-0.294278264,-0.740538001,-0.279984474,0.223631173,0.561612487,-2.995940208,-2.094087839,4.170732975,0.298700247,0.684320941,-1.517158931
0.604155362,-0.294278264,-0.740538001,-0.279984474,0.223631173,0.561612487,-2.995940208,-2.094087839,4.170732975,0.298700247,0.684320941,-1.517158931
0.541481376,-0.304600745,-0.783591926,-0.307047069,0.200475872,0.590948939,-2.012726307,-2.789028883,4.375897884,0.309519235,0.604676843,-1.413478657
0.541481376,-0.304600745,-0.783591926,-0.307047069,0.200475872,0.590948939,-2.012726307,-2.789028883,4.375897884,0.309519235,0.604676843,-1.413478657
0.541481376,-0.304600745,-0.783591926,-0.307047069,0.200475872,0.590948939,-2.012726307,-2.789028883,4.375897884,0.309519235,0.604676843,-1.413478657
0.462439686,-0.327244312,-0.82405138,-0.34281224,0.186971456,0.574157596,-0.772898853,-3.504797459,4.709296703,0.333385851,0.511384807,-1.316634353
0.462439686,-0.327244312,-0.82405138,-0.34281224,0.186971456,0.574157596,-0.772898853,-3.504797459,4.709296703,0.333385851,0.511384807,-1.316634353
0.462439686,-0.327244312,-0.82405138,-0.34281224,0.186971456,0.574157596,-0.772898853,-3.504797459,4.709296703,0.333385851,0.511384807,-1.316634353
0.364260763,-0.36312741,-0.857585311,-0.368412435,0.145507932,0.316416502,0.054623935,-4.123677731,5.070856571,0.371622232,0.401660261,-1.220329753
0.364260763,-0.36312741,-0.857585311,-0.368412435,0.145507932,0.316416502,0.054623935,-4.123677731,5.070856571,0.371622232,0.401660261,-1.220329753
0.364260763,-0.36312741,-0.857585311,-0.368412435,0.145507932,0.316416502,0.054623935,-4.123677731,5.070856571,0.371622232,0.401660261,-1.220329753
0.364260763,-0.36312741,-0.857585311,-0.368412435,0.145507932,0.316416502,0.054623935,-4.123677731,5.070856571,0.371622232,0.401660261,-1.220329753
0.249951914,-0.394139528,-0.884408295,-0.331602573,0.035986781,0.072167218,-0.315961212,-4.434247494,5.282533646,0.40513139,0.275437034,-1.114477579
0.249951914,-0.394139528,-0.884408295,-0.331602573,0.035986781,0.072167218,-0.315961212,-4.434247494,5.282533646,0.40513139,0.275437034,-1.114477579
0.130186841,-0.396256775,-0.908863008,-0.212584734,-0.253842354,0.072513103,-1.831469178,-4.107235432,5.368464947,0.407436275,0.142273637,-0.99629953
0.130186841,-0.396256775,-0.908863008,-0.212584734,-0.253842354,0.072513103,-1.831469178,-4.107235432,5.368464947,0.407436275,0.142273637,-0.99629953
0.130186841,-0.396256775,-0.908863008,-0.212584734,-0.253842354,0.072513103,-1.831469178,-4.107235432,5.368464947,0.407436275,0.142273637,-0.99629953
0.130186841,-0.396256775,-0.908863008,-0.212584734,-0.253842354,0.072513103,-1.831469178,-4.107235432,5.368464947,0.407436275,0.142273637,-0.99629953
0.130186841,-0.396256775,-0.908863008,-0.212584734,-0.253842354,0.072513103,-1.831469178,-4.107235432,5.368464947,0.407436275,0.142273637,-0.99629953
0.130186841,-0.396256775,-0.908863008,-0.212584734,-0.253842354,0.072513103,-1.831469178,-4.107235432,5.368464947,0.407436275,0.142273637,-0.99629953
0.018335378,-0.362012357,-0.931992948,-0.05509381,-0.264893562,0.184418797,-2.25437212,-3.850151539,4.952445507,0.370425765,0.019670764,-0.880645954
0.018335378,-0.362012357,-0.931992948,-0.05509381,-0.264893562,0.184418797,-2.25437212,-3.850151539,4.952445507,0.370425765,0.019670764,-0.880645954
0.018335378,-0.362012357,-0.931992948,-0.05509381,-0.264893562,0.184418797,-2.25437212,-3.850151539,4.952445507,0.370425765,0.019670764,-0.880645954
-0.091133982,-0.34046793,-0.935829163,0.035744965,0.014053255,0.148917854,0.212624758,-4.00383091,4.510076046,0.34741451,-0.097077039,-0.779178396
-0.091133982,-0.34046793,-0.935829163,0.035744965,0.014053255,0.148917854,0.212624758,-4.00383091,4.510076046,0.34741451,-0.097077039,-0.779178396
-0.091133982,-0.34046793,-0.935829163,0.035744965,0.014053255,0.148917854,0.212624758,-4.00383091,4.510076046,0.34741451,-0.097077039,-0.779178396
-0.091133982,-0.34046793,-0.935829163,0.035744965,0.014053255,0.148917854,0.212624758,-4.00383091,4.510076046,0.34741451,-0.097077039,-0.779178396
-0.091133982,-0.34046793,-0.935829163,0.035744965,0.014053255,0.148917854,0.212624758,-4.00383091,4.510076046,0.34741451,-0.097077039,-0.779178396
-0.091133982,-0.34046793,-0.935829163,0.035744965,0.014053255,0.148917854,0.212624758,-4.00383091,4.510076046,0.34741451,-0.097077039,-0.779178396
-0.197750166,-0.354326427,-0.91397357,-0.012209952,0.114337653,-0.239270866,2.32828784,-4.145341396,4.280545235,0.362193663,-0.21307868,-0.681716814
-0.197750166,-0.354326427,-0.91397357,-0.012209952,0.114337653,-0.239270866,2.32828784,-4.145341396,4.280545235,0.362193663,-0.21307868,-0.681716814
-0.197750166,-0.354326427,-0.91397357,-0.012209952,0.114337653,-0.239270866,2.32828784,-4.145341396,4.280545235,0.362193663,-0.21307868,-0.681716814
-0.302830845,-0.3759287,-0.87576884,-0.159799129,-0.500748217,-0.490000129,1.948477149,-3.679128408,4.28580761,0.385398791,-0.332918042,-0.579131083
-0.302830845,-0.3759287,-0.87576884,-0.159799129,-0.500748217,-0.490000129,1.948477149,-3.679128408,4.28580761,0.385398791,-0.332918042,-0.579131083
-0.302830845,-0.3759287,-0.87576884,-0.159799129,-0.500748217,-0.490000129,1.948477149,-3.679128408,4.28580761,0.385398791,-0.332918042,-0.579131083
-0.302830845,-0.3759287,-0.87576884,-0.159799129,-0.500748217,-0.490000129,1.948477149,-3.679128408,4.28580761,0.385398791,-0.332918042,-0.579131083
-0.302830845,-0.3759287,-0.87576884,-0.159799129,-0.500748217,-0.490000129,1.948477149,-3.679128408,4.28580761,0.385398791,-0.332918042,-0.579131083
-0.302830845,-0.3759287,-0.87576884,-0.159799129,-0.500748217,-0.490000129,1.948477149,-3.679128408,4.28580761,0.385398791,-0.332918042,-0.579131083
-0.50676173,-0.328149289,-0.797189236,-0.178233802,-0.394826055,-0.472052991,1.115016818,-2.249296665,2.331746578,0.334343695,-0.56624649,-0.374632678
-0.50676173,-0.328149289,-0.797189236,-0.178233802,-0.394826055,-0.472052991,1.115016818,-2.249296665,2.331746578,0.334343695,-0.56624649,-0.374632678
-0.50676173,-0.328149289,-0.797189236,-0.178233802,-0.394826055,-0.472052991,1.115016818,-2.249296665,2.331746578,0.334343695,-0.56624649,-0.374632678
-0.556274831,-0.322631896,-0.765811324,-0.191037238,-0.47378394,-0.39320159,1.363515615,-2.196216345,2.382782221,0.32850875,-0.628216256,-0.318041574
-0.556274831,-0.322631896,-0.765811324,-0.191037238,-0.47378394,-0.39320159,1.363515615,-2.196216345,2.382782221,0.32850875,-0.628216256,-0.318041574
-0.556274831,-0.322631896,-0.765811324,-0.191037238,-0.47378394,-0.39320159,1.363515615,-2.196216345,2.382782221,0.32850875,-0.628216256,-0.318041574
-0.556274831,-0.322631896,-0.765811324,-0.191037238,-0.47378394,-0.39320159,1.363515615,-2.196216345,2.382782221,0.32850875,-0.628216256,-0.318041574
-0.556274831,-0.322631896,-0.765811324,-0.191037238,-0.47378394,-0.39320159,1.363515615,-2.196216345,2.382782221,0.32850875,-0.628216256,-0.318041574
-0.556274831,-0.322631896,-0.765811324,-0.191037238,-0.47378394,-0.39320159,1.363515615,-2.196216345,2.382782221,0.32850875,-0.628216256,-0.318041574
-0.606340468,-0.315416515,-0.729975104,-0.001963913,-0.368511617,-0.39525491,1.215500236,-2.426217318,2.311387777,0.320895548,-0.693141749,-0.262109903
-0.606340468,-0.315416515,-0.729975104,-0.001963913,-0.368511617,-0.39525491,1.215500236,-2.426217318,2.311387777,0.320895548,-0.693141749,-0.262109903
-0.606340468,-0.315416515,-0.729975104,-0.001963913,-0.368511617,-0.39525491,1.215500236,-2.426217318,2.311387777,0.320895548,-0.693141749,-0.262109903
-0.606340468,-0.315416515,-0.729975104,-0.001963913,-0.368511617,-0.39525491,1.215500236,-2.426217318,2.311387777,0.320895548,-0.693141749,-0.262109903
-0.606340468,-0.315416515,-0.729975104,-0.001963913,-0.368511617,-0.39525491,1.215500236,-2.426217318,2.311387777,0.320895548,-0.693141749,-0.262109903
-0.650291204,-0.301390916,-0.697341263,-0.101186275,-0.259841353,-0.130525649,0.628080428,-1.823905349,1.838732958,0.306151078,-0.750499252,-0.215799065
-0.650291204,-0.301390916,-0.697341263,-0.101186275,-0.259841353,-0.130525649,0.628080428,-1.823905349,1.838732958,0.306151078,-0.750499252,-0.215799065
-0.650291204,-0.301390916,-0.697341263,-0.101186275,-0.259841353,-0.130525649,0.628080428,-1.823905349,1.838732958,0.306151078,-0.750499252,-0.215799065
-0.650291204,-0.301390916,-0.697341263,-0.101186275,-0.259841353,-0.130525649,0.628080428,-1.823905349,1.838732958,0.306151078,-0.750499252,-0.215799065
-0.68072933,-0.291201293,-0.672167659,-0.226143539,-0.158351958,-0.092009187,0.882005692,-1.372024417,1.264729023,0.295482316,-0.791726515,-0.183062434
-0.68072933,-0.291201293,-0.672167659,-0.226143539,-0.158351958,-0.092009187,0.882005692,-1.372024417,1.264729023,0.295482316,-0.791726515,-0.183062434
-0.68072933,-0.291201293,-0.672167659,-0.226143539,-0.158351958,-0.092009187,0.882005692,-1.372024417,1.264729023,0.295482316,-0.791726515,-0.183062434
-0.68072933,-0.291201293,-0.672167659,-0.226143539,-0.158351958,-0.092009187,0.882005692,-1.372024417,1.264729023,0.295482316,-0.791726515,-0.183062434
-0.704827547,-0.289839566,-0.64746511,-0.140994787,-0.20867914,-0.12206763,1.513387561,-1.280867338,1.186486721,0.294059196,-0.827791411,-0.147489231
-0.704827547,-0.289839566,-0.64746511,-0.140994787,-0.20867914,-0.12206763,1.513387561,-1.280867338,1.186486721,0.294059196,-0.827791411,-0.147489231
-0.704827547,-0.289839566,-0.64746511,-0.140994787,-0.20867914,-0.12206763,1.513387561,-1.280867338,1.186486721,0.294059196,-0.827791411,-0.147489231
-0.704827547,-0.289839566,-0.64746511,-0.140994787,-0.20867914,-0.12206763,1.513387561,-1.280867338,1.186486721,0.294059196,-0.827791411,-0.147489231
-0.704827547,-0.289839566,-0.64746511,-0.140994787,-0.20867914,-0.12206763,1.513387561,-1.280867338,1.186486721,0.294059196,-0.827791411,-0.147489231
-0.704827547,-0.289839566,-0.64746511,-0.140994787,-0.20867914,-0.12206763,1.513387561,-1.280867338,1.186486721,0.294059196,-0.827791411,-0.147489231
-0.704827547,-0.289839566,-0.64746511,-0.140994787,-0.20867914,-0.12206763,1.513387561,-1.280867338,1.186486721,0.294059196,-0.827791411,-0.147489231
-0.704827547,-0.289839566,-0.64746511,-0.140994787,-0.20867914,-0.12206763,1.513387561,-1.280867338,1.186486721,0.294059196,-0.827791411,-0.147489231
-0.753236234,-0.293187916,-0.588792026,-0.026286542,-0.173928231,-0.128113389,1.12803781,-1.529389858,1.130741,0.297559578,-0.907324431,-0.066512916
-0.753236234,-0.293187916,-0.588792026,-0.026286542,-0.173928231,-0.128113389,1.12803781,-1.529389858,1.130741,0.297559578,-0.907324431,-0.066512916
-0.753236234,-0.293187916,-0.588792026,-0.026286542,-0.173928231,-0.128113389,1.12803781,-1.529389858,1.130741,0.297559578,-0.907324431,-0.066512916
-0.753236234,-0.293187916,-0.588792026,-0.026286542,-0.173928231,-0.128113389,1.12803781,-1.529389858,1.130741,0.297559578,-0.907324431,-0.066512916
-0.753236234,-0.293187916,-0.588792026,-0.026286542,-0.173928231,-0.128113389,1.12803781,-1.529389858,1.130741,0.297559578,-0.907324431,-0.066512916
-0.753236234,-0.293187916,-0.588792026,-0.026286542,-0.173928231,-0.128113389,1.12803781,-1.529389858,1.130741,0.297559578,-0.907324431,-0.066512916
-0.753236234,-0.293187916,-0.588792026,-0.026286542,-0.173928231,-0.128113389,1.12803781,-1.529389858,1.130741,0.297559578,-0.907324431,-0.066512916
-0.753236234,-0.293187916,-0.588792026,-0.026286542,-0.173928231,-0.128113389,1.12803781,-1.529389858,1.130741,0.297559578,-0.907324431,-0.066512916
-0.779124737,-0.28831175,-0.556633413,-0.116394997,-0.335451037,-0.388787866,0.826884866,-1.887710094,1.046848297,0.292463258,-0.950448493,-0.03684922
-0.779124737,-0.28831175,-0.556633413,-0.116394997,-0.335451037,-0.388787866,0.826884866,-1.887710094,1.046848297,0.292463258,-0.950448493,-0.03684922
-0.779124737,-0.28831175,-0.556633413,-0.116394997,-0.335451037,-0.388787866,0.826884866,-1.887710094,1.046848297,0.292463258,-0.950448493,-0.03684922
-0.779124737,-0.28831175,-0.556633413,-0.116394997,-0.335451037,-0.388787866,0.826884866,-1.887710094,1.046848297,0.292463258,-0.950448493,-0.03684922
-0.805749118,-0.280193567,-0.521785319,-0.163836956,-0.359713137,-0.346777439,0.701706469,-1.958627105,0.88882643,0.283995752,-0.996125692,-0.012558737
-0.805749118,-0.280193567,-0.521785319,-0.163836956,-0.359713137,-0.346777439,0.701706469,-1.958627105,0.88882643,0.283995752,-0.996125692,-0.012558737
-0.805749118,-0.280193567,-0.521785319,-0.163836956,-0.359713137,-0.346777439,0.701706469,-1.958627105,0.88882643,0.283995752,-0.996125692,-0.012558737
-0.805749118,-0.280193567,-0.521785319,-0.163836956,-0.359713137,-0.346777439,0.701706469,-1.958627105,0.88882643,0.283995752,-0.996125692,-0.012558737
-0.805749118,-0.280193567,-0.521785319,-0.163836956,-0.359713137,-0.346777439,0.701706469,-1.958627105,0.88882643,0.283995752,-0.996125692,-0.012558737
-0.805749118,-0.280193567,-0.521785319,-0.163836956,-0.359713137,-0.346777439,0.701706469,-1.958627105,0.88882643,0.283995752,-0.996125692,-0.012558737
-0.828765094,-0.277556807,-0.485912144,-0.071515381,-0.184462935,-0.198660254,1.166856289,-1.837872028,0.50167793,0.28125005,-1.040504852,0.010584702
-0.828765094,-0.277556807,-0.485912144,-0.071515381,-0.184462935,-0.198660254,1.166856289,-1.837872028,0.50167793,0.28125005,-1.040504852,0.010584702
-0.828765094,-0.277556807,-0.485912144,-0.071515381,-0.184462935,-0.198660254,1.166856289,-1.837872028,0.50167793,0.28125005,-1.040504852,0.010584702
-0.828765094,-0.277556807,-0.485912144,-0.071515381,-0.184462935,-0.198660254,1.166856289,-1.837872028,0.50167793,0.28125005,-1.040504852,0.010584702
-0.828765094,-0.277556807,-0.485912144,-0.071515381,-0.184462935,-0.198660254,1.166856289,-1.837872028,0.50167793,0.28125005,-1.040504852,0.010584702
-0.828765094,-0.277556807,-0.485912144,-0.071515381,-0.184462935,-0.198660254,1.166856289,-1.837872028,0.50167793,0.28125005,-1.040504852,0.010584702
-0.846716881,-0.287086606,-0.447941631,-0.073766172,-0.104803741,-0.038297176,2.048068523,-1.588789105,0.162729844,0.291184021,-1.08419257,0.04326285
-0.846716881,-0.287086606,-0.447941631,-0.073766172,-0.104803741,-0.038297176,2.048068523,-1.588789105,0.162729844,0.291184021,-1.08419257,0.04326285
-0.846716881,-0.287086606,-0.447941631,-0.073766172,-0.104803741,-0.038297176,2.048068523,-1.588789105,0.162729844,0.291184021,-1.08419257,0.04326285
-0.859560728,-0.306255132,-0.409100443,-0.074136376,-0.007281214,0.01166755,2.720824003,-1.315345883,0.01519179,0.311256651,-1.126580266,0.089134664
-0.859560728,-0.306255132,-0.409100443,-0.074136376,-0.007281214,0.01166755,2.720824003,-1.315345883,0.01519179,0.311256651,-1.126580266,0.089134664
-0.859560728,-0.306255132,-0.409100443,-0.074136376,-0.007281214,0.01166755,2.720824003,-1.315345883,0.01519179,0.311256651,-1.126580266,0.089134664
-0.859560728,-0.306255132,-0.409100443,-0.074136376,-0.007281214,0.01166755,2.720824003,-1.315345883,0.01519179,0.311256651,-1.126580266,0.089134664
-0.859560728,-0.306255132,-0.409100443,-0.074136376,-0.007281214,0.01166755,2.720824003,-1.315345883,0.01519179,0.311256651,-1.126580266,0.089134664
-0.859560728,-0.306255132,-0.409100443,-0.074136376,-0.007281214,0.01166755,2.720824003,-1.315345883,0.01519179,0.311256651,-1.126580266,0.089134664
-0.868558168,-0.330994576,-0.368848413,-0.032378137,0.069200903,-0.002751589,3.281283617,-1.125718594,-0.149626613,0.337357363,-1.169207363,0.146656485
-0.868558168,-0.330994576,-0.368848413,-0.032378137,0.069200903,-0.002751589,3.281283617,-1.125718594,-0.149626613,0.337357363,-1.169207363,0.146656485
-0.868558168,-0.330994576,-0.368848413,-0.032378137,0.069200903,-0.002751589,3.281283617,-1.125718594,-0.149626613,0.337357363,-1.169207363,0.146656485
-0.868558168,-0.330994576,-0.368848413,-0.032378137,0.069200903,-0.002751589,3.281283617,-1.125718594,-0.149626613,0.337357363,-1.169207363,0.146656485
-0.868558168,-0.330994576,-0.368848413,-0.032378137,0.069200903,-0.002751589,3.281283617,-1.125718594,-0.149626613,0.337357363,-1.169207363,0.146656485
-0.874746382,-0.35760206,-0.327016205,-0.008962989,0.102674901,-0.00082159,3.18038559,-0.98595947,-0.13165316,0.36569889,-1.213041991,0.211930389
-0.874746382,-0.35760206,-0.327016205,-0.008962989,0.102674901,-0.00082159,3.18038559,-0.98595947,-0.13165316,0.36569889,-1.213041991,0.211930389
-0.874746382,-0.35760206,-0.327016205,-0.008962989,0.102674901,-0.00082159,3.18038559,-0.98595947,-0.13165316,0.36569889,-1.213041991,0.211930389
-0.881774247,-0.367142707,-0.296108544,-0.077816784,-0.112866759,-0.037619531,0.766084135,-0.913320065,0.293958962,0.375935329,-1.2468185,0.253028941
-0.881774247,-0.367142707,-0.296108544,-0.077816784,-0.112866759,-0.037619531,0.766084135,-0.913320065,0.293958962,0.375935329,-1.2468185,0.253028941
-0.881774247,-0.367142707,-0.296108544,-0.077816784,-0.112866759,-0.037619531,0.766084135,-0.913320065,0.293958962,0.375935329,-1.2468185,0.253028941
-0.881774247,-0.367142707,-0.296108544,-0.077816784,-0.112866759,-0.037619531,0.766084135,-0.913320065,0.293958962,0.375935329,-1.2468185,0.253028941
-0.889730275,-0.359968066,-0.280718684,-0.021490395,-0.496857226,-0.040237784,-1.091308832,-1.046812057,0.44685623,0.36823366,-1.265171711,0.250736012
-0.898685217,-0.346259683,-0.269200921,0.041938484,-0.113882899,-0.045514703,-0.802377403,-1.09224081,0.154019982,0.3535812,-1.279752656,0.227835849
-0.898685217,-0.346259683,-0.269200921,0.041938484,-0.113882899,-0.045514703,-0.802377403,-1.09224081,0.154019982,0.3535812,-1.279752656,0.227835849
-0.898685217,-0.346259683,-0.269200921,0.041938484,-0.113882899,-0.045514703,-0.802377403,-1.09224081,0.154019982,0.3535812,-1.279752656,0.227835849
-0.898685217,-0.346259683,-0.269200921,0.041938484,-0.113882899,-0.045514703,-0.802377403,-1.09224081,0.154019982,0.3535812,-1.279752656,0.227835849
-0.898685217,-0.346259683,-0.269200921,0.041938484,-0.113882899,-0.045514703,-0.802377403,-1.09224081,0.154019982,0.3535812,-1.279752656,0.227835849
-0.903370857,-0.346925139,-0.252118796,-0.136862695,0.299212366,-0.176381826,1.540435195,-0.460817188,0.070775263,0.354290636,-1.298634703,0.236413234
-0.903370857,-0.346925139,-0.252118796,-0.136862695,0.299212366,-0.176381826,1.540435195,-0.460817188,0.070775263,0.354290636,-1.298634703,0.236413234
-0.903370857,-0.346925139,-0.252118796,-0.136862695,0.299212366,-0.176381826,1.540435195,-0.460817188,0.070775263,0.354290636,-1.298634703,0.236413234
-0.903488994,-0.361566573,-0.230167061,-0.218287528,0.507793069,-0.227523744,2.947434425,-0.174788713,-0.410222232,0.369947596,-1.321348739,0.2844296
-0.903488994,-0.361566573,-0.230167061,-0.218287528,0.507793069,-0.227523744,2.947434425,-0.174788713,-0.410222232,0.369947596,-1.321348739,0.2844296
-0.903488994,-0.361566573,-0.230167061,-0.218287528,0.507793069,-0.227523744,2.947434425,-0.174788713,-0.410222232,0.369947596,-1.321348739,0.2844296
-0.902979136,-0.375613898,-0.208669171,-0.096894979,0.061284393,-0.134931684,1.82512331,-0.134302005,0.127169296,0.385059084,-1.343693237,0.336368661
-0.902979136,-0.375613898,-0.208669171,-0.096894979,0.061284393,-0.134931684,1.82512331,-0.134302005,0.127169296,0.385059084,-1.343693237,0.336368661
-0.902979136,-0.375613898,-0.208669171,-0.096894979,0.061284393,-0.134931684,1.82512331,-0.134302005,0.127169296,0.385059084,-1.343693237,0.336368661
-0.90426898,-0.378282607,-0.197989553,-0.043603182,-0.281536371,-0.129696488,0.532961547,-0.144489497,0.0827915,0.387940332,-1.355247915,0.360921894
-0.90426898,-0.378282607,-0.197989553,-0.043603182,-0.281536371,-0.129696488,0.532961547,-0.144489497,0.0827915,0.387940332,-1.355247915,0.360921894
-0.90426898,-0.378282607,-0.197989553,-0.043603182,-0.281536371,-0.129696488,0.532961547,-0.144489497,0.0827915,0.387940332,-1.355247915,0.360921894
-0.90426898,-0.378282607,-0.197989553,-0.043603182,-0.281536371,-0.129696488,0.532961547,-0.144489497,0.0827915,0.387940332,-1.355247915,0.360921894
-0.90426898,-0.378282607,-0.197989553,-0.043603182,-0.281536371,-0.129696488,0.532961547,-0.144489497,0.0827915,0.387940332,-1.355247915,0.360921894
-0.90426898,-0.378282607,-0.197989553,-0.043603182,-0.281536371,-0.129696488,0.532961547,-0.144489497,0.0827915,0.387940332,-1.355247915,0.360921894
-0.905664206,-0.377427667,-0.193185151,-0.02755928,-0.157665908,-0.143595278,0.186806306,-0.124139816,0.113568373,0.387016924,-1.360638258,0.36725113
-0.905664206,-0.377427667,-0.193185151,-0.02755928,-0.157665908,-0.143595278,0.186806306,-0.124139816,0.113568373,0.387016924,-1.360638258,0.36725113
-0.905664206,-0.377427667,-0.193185151,-0.02755928,-0.157665908,-0.143595278,0.186806306,-0.124139816,0.113568373,0.387016924,-1.360638258,0.36725113
-0.906652331,-0.377057046,-0.189234167,-0.022939563,-0.055878907,-0.080255032,0.348103881,-0.10821002,0.022502059,0.386616765,-1.365032812,0.372851236
-0.906652331,-0.377057046,-0.189234167,-0.022939563,-0.055878907,-0.080255032,0.348103881,-0.10821002,0.022502059,0.386616765,-1.365032812,0.372851236
-0.906652331,-0.377057046,-0.189234167,-0.022939563,-0.055878907,-0.080255032,0.348103881,-0.10821002,0.022502059,0.386616765,-1.365032812,0.372851236
-0.906652331,-0.377057046,-0.189234167,-0.022939563,-0.055878907,-0.080255032,0.348103881,-0.10821002,0.022502059,0.386616765,-1.365032812,0.372851236
-0.906652331,-0.377057046,-0.189234167,-0.022939563,-0.055878907,-0.080255032,0.348103881,-0.10821002,0.022502059,0.386616765,-1.365032812,0.372851236
-0.907126009,-0.378612757,-0.183778897,0.019435108,-0.030443013,-0.003221631,0.290706396,-0.151523501,0.036768667,0.388297029,-1.370907139,0.381749491
-0.907126009,-0.378612757,-0.183778897,0.019435108,-0.030443013,-0.003221631,0.290706396,-0.151523501,0.036768667,0.388297029,-1.370907139,0.381749491
-0.907126009,-0.378612757,-0.183778897,0.019435108,-0.030443013,-0.003221631,0.290706396,-0.151523501,0.036768667,0.388297029,-1.370907139,0.381749491
-0.907126009,-0.378612757,-0.183778897,0.019435108,-0.030443013,-0.003221631,0.290706396,-0.151523501,0.036768667,0.388297029,-1.370907139,0.381749491
-0.907126009,-0.378612757,-0.183778897,0.019435108,-0.030443013,-0.003221631,0.290706396,-0.151523501,0.036768667,0.388297029,-1.370907139,0.381749491
-0.908094704,-0.377289951,-0.181703329,0.032366753,-0.087338328,0.040997982,-0.469826818,-0.136618078,0.002882339,0.386868215,-1.373311425,0.379718474
-0.908094704,-0.377289951,-0.181703329,0.032366753,-0.087338328,0.040997982,-0.469826818,-0.136618078,0.002882339,0.386868215,-1.373311425,0.379718474
-0.908094704,-0.377289951,-0.181703329,0.032366753,-0.087338328,0.040997982,-0.469826818,-0.136618078,0.002882339,0.386868215,-1.373311425,0.379718474
-0.908094704,-0.377289951,-0.181703329,0.032366753,-0.087338328,0.040997982,-0.469826818,-0.136618078,0.002882339,0.386868215,-1.373311425,0.379718474
-0.908094704,-0.377289951,-0.181703329,0.032366753,-0.087338328,0.040997982,-0.469826818,-0.136618078,0.002882339,0.386868215,-1.373311425,0.379718474
-0.908094704,-0.377289951,-0.181703329,0.032366753,-0.087338328,0.040997982,-0.469826818,-0.136618078,0.002882339,0.386868215,-1.373311425,0.379718474
-0.908094704,-0.377289951,-0.181703329,0.032366753,-0.087338328,0.040997982,-0.469826818,-0.136618078,0.002882339,0.386868215,-1.373311425,0.379718474
-0.908910513,-0.373156399,-0.186107025,0.0357458,-0.162577987,0.044623673,-1.070828795,-0.06986355,0.058432147,0.382408836,-1.368829638,0.361630668
-0.908910513,-0.373156399,-0.186107025,0.0357458,-0.162577987,0.044623673,-1.070828795,-0.06986355,0.058432147,0.382408836,-1.368829638,0.361630668
-0.908910513,-0.373156399,-0.186107025,0.0357458,-0.162577987,0.044623673,-1.070828795,-0.06986355,0.058432147,0.382408836,-1.368829638,0.361630668
-0.908910513,-0.373156399,-0.186107025,0.0357458,-0.162577987,0.044623673,-1.070828795,-0.06986355,0.058432147,0.382408836,-1.368829638,0.361630668
-0.908910513,-0.373156399,-0.186107025,0.0357458,-0.162577987,0.044623673,-1.070828795,-0.06986355,0.058432147,0.382408836,-1.368829638,0.361630668
-0.908910513,-0.373156399,-0.186107025,0.0357458,-0.162577987,0.044623673,-1.070828795,-0.06986355,0.058432147,0.382408836,-1.368829638,0.361630668
-0.908910513,-0.373156399,-0.186107025,0.0357458,-0.162577987,0.044623673,-1.070828795,-0.06986355,0.058432147,0.382408836,-1.368829638,0.361630668
-0.908723295,-0.369850367,-0.193475425,0.024587333,0.064096391,0.061010182,0.011252278,0.000168905,-0.023937717,0.378847959,-1.361019576,0.339130592
-0.908723295,-0.369850367,-0.193475425,0.024587333,0.064096391,0.061010182,0.011252278,0.000168905,-0.023937717,0.378847959,-1.361019576,0.339130592
-0.905798972,-0.380308241,-0.186798468,0.015437603,0.036102235,0.079342246,0.122193791,-0.036430024,-0.002750619,0.390129571,-1.367422338,0.342765814
-0.905798972,-0.380308241,-0.186798468,0.015437603,0.036102235,0.079342246,0.122193791,-0.036430024,-0.002750619,0.390129571,-1.367422338,0.342765814
-0.905798972,-0.380308241,-0.186798468,0.015437603,0.036102235,0.079342246,0.122193791,-0.036430024,-0.002750619,0.390129571,-1.367422338,0.342765814
-0.905798972,-0.380308241,-0.186798468,0.015437603,0.036102235,0.079342246,0.122193791,-0.036430024,-0.002750619,0.390129571,-1.367422338,0.342765814
-0.905798972,-0.380308241,-0.186798468,0.015437603,0.036102235,0.079342246,0.122193791,-0.036430024,-0.002750619,0.390129571,-1.367422338,0.342765814
-0.905798972,-0.380308241,-0.186798468,0.015437603,0.036102235,0.079342246,0.122193791,-0.036430024,-0.002750619,0.390129571,-1.367422338,0.342765814
-0.905798972,-0.380308241,-0.186798468,0.015437603,0.036102235,0.079342246,0.122193791,-0.036430024,-0.002750619,0.390129571,-1.367422338,0.342765814
-0.900224447,-0.397445977,-0.177855715,-0.003320694,0.077669293,0.038783371,-0.12523818,-0.005052138,0.024969427,0.408731852,-1.37574013,0.346149401
-0.900224447,-0.397445977,-0.177855715,-0.003320694,0.077669293,0.038783371,-0.12523818,-0.005052138,0.024969427,0.408731852,-1.37574013,0.346149401
-0.900224447,-0.397445977,-0.177855715,-0.003320694,0.077669293,0.038783371,-0.12523818,-0.005052138,0.024969427,0.408731852,-1.37574013,0.346149401
-0.900224447,-0.397445977,-0.177855715,-0.003320694,0.077669293,0.038783371,-0.12523818,-0.005052138,0.024969427,0.408731852,-1.37574013,0.346149401
-0.900224447,-0.397445977,-0.177855715,-0.003320694,0.077669293,0.038783371,-0.12523818,-0.005052138,0.024969427,0.408731852,-1.37574013,0.346149401
-0.900224447,-0.397445977,-0.177855715,-0.003320694,0.077669293,0.038783371,-0.12523818,-0.005052138,0.024969427,0.408731852,-1.37574013,0.346149401
-0.900224447,-0.397445977,-0.177855715,-0.003320694,0.077669293,0.038783371,-0.12523818,-0.005052138,0.024969427,0.408731852,-1.37574013,0.346149401
-0.900224447,-0.397445977,-0.177855715,-0.003320694,0.077669293,0.038783371,-0.12523818,-0.005052138,0.024969427,0.408731852,-1.37574013,0.346149401
-0.900224447,-0.397445977,-0.177855715,-0.003320694,0.077669293,0.038783371,-0.12523818,-0.005052138,0.024969427,0.408731852,-1.37574013,0.346149401
-0.899955988,-0.39703998,-0.180105984,-0.017856121,-0.029655039,-0.010968268,-0.210831732,0.050689675,-0.045950927,0.408289451,-1.373278128,0.342049236
-0.899955988,-0.39703998,-0.180105984,-0.017856121,-0.029655039,-0.010968268,-0.210831732,0.050689675,-0.045950927,0.408289451,-1.373278128,0.342049236
-0.899955988,-0.39703998,-0.180105984,-0.017856121,-0.029655039,-0.010968268,-0.210831732,0.050689675,-0.045950927,0.408289451,-1.373278128,0.342049236
-0.899500728,-0.397117823,-0.182197317,-0.024384677,-0.059820205,-0.039455414,-0.111152939,0.02970399,-0.047127511,0.408374285,-1.37094637,0.338190959
-0.899500728,-0.397117823,-0.182197317,-0.024384677,-0.059820205,-0.039455414,-0.111152939,0.02970399,-0.047127511,0.408374285,-1.37094637,0.338190959
-0.899500728,-0.397117823,-0.182197317,-0.024384677,-0.059820205,-0.039455414,-0.111152939,0.02970399,-0.047127511,0.408374285,-1.37094637,0.338190959
-0.899500728,-0.397117823,-0.182197317,-0.024384677,-0.059820205,-0.039455414,-0.111152939,0.02970399,-0.047127511,0.408374285,-1.37094637,0.338190959
-0.899500728,-0.397117823,-0.182197317,-0.024384677,-0.059820205,-0.039455414,-0.111152939,0.02970399,-0.047127511,0.408374285,-1.37094637,0.338190959
-0.898638368,-0.398629397,-0.183148563,-0.035089135,0.01905334,-0.012060523,0.034668002,0.042282693,-0.11963889,0.410021868,-1.369743118,0.337007572
-0.898638368,-0.398629397,-0.183148563,-0.035089135,0.01905334,-0.012060523,0.034668002,0.042282693,-0.11963889,0.410021868,-1.369743118,0.337007572
-0.898638368,-0.398629397,-0.183148563,-0.035089135,0.01905334,-0.012060523,0.034668002,0.042282693,-0.11963889,0.410021868,-1.369743118,0.337007572
-0.898638368,-0.398629397,-0.183148563,-0.035089135,0.01905334,-0.012060523,0.034668002,0.042282693,-0.11963889,0.410021868,-1.369743118,0.337007572
-0.898652792,-0.399675071,-0.180783942,0.011113465,0.04889226,-0.002980888,0.076331824,-0.01268655,-0.117492914,0.411162333,-1.372273932,0.3403618
-0.898652792,-0.399675071,-0.180783942,0.011113465,0.04889226,-0.002980888,0.076331824,-0.01268655,-0.117492914,0.411162333,-1.372273932,0.3403618
-0.898652792,-0.399675071,-0.180783942,0.011113465,0.04889226,-0.002980888,0.076331824,-0.01268655,-0.117492914,0.411162333,-1.372273932,0.3403618
-0.898652792,-0.399675071,-0.180783942,0.011113465,0.04889226,-0.002980888,0.076331824,-0.01268655,-0.117492914,0.411162333,-1.372273932,0.3403618
-0.898652792,-0.399675071,-0.180783942,0.011113465,0.04889226,-0.002980888,0.076331824,-0.01268655,-0.117492914,0.411162333,-1.372273932,0.3403618
-0.898652792,-0.399675071,-0.180783942,0.011113465,0.04889226,-0.002980888,0.076331824,-0.01268655,-0.117492914,0.411162333,-1.372273932,0.3403618
-0.893575966,-0.409270763,-0.18444331,0.01448977,0.013642311,-0.008156002,0.112254202,-0.058521669,-0.0847608,0.421654683,-1.367244668,0.339032837
-0.893575966,-0.409270763,-0.18444331,0.01448977,0.013642311,-0.008156002,0.112254202,-0.058521669,-0.0847608,0.421654683,-1.367244668,0.339032837
-0.893575966,-0.409270763,-0.18444331,0.01448977,0.013642311,-0.008156002,0.112254202,-0.058521669,-0.0847608,0.421654683,-1.367244668,0.339032837
-0.893575966,-0.409270763,-0.18444331,0.01448977,0.013642311,-0.008156002,0.112254202,-0.058521669,-0.0847608,0.421654683,-1.367244668,0.339032837
-0.893575966,-0.409270763,-0.18444331,0.01448977,0.013642311,-0.008156002,0.112254202,-0.058521669,-0.0847608,0.421654683,-1.367244668,0.339032837